PosX,PosY,PosZ,PlayerID,DateTime,
6,-0.02091116,-35,34502,21/12/2020 0:01:34,
6,-0.02091116,-35,34502,21/12/2020 0:01:35,
5.946394,-0.02093297,-34.93575,34502,21/12/2020 0:01:36,
4.169105,-0.02076763,-29.32427,34502,21/12/2020 0:01:37,
-0.4278128,-0.02262056,-23.76977,34502,21/12/2020 0:01:38,
-0.4166447,-0.02079374,-16.62273,34502,21/12/2020 0:01:39,
3.29576,-0.01659214,-10.47773,34502,21/12/2020 0:01:40,
7.015592,-0.01235819,-4.226544,34502,21/12/2020 0:01:41,
10.03666,-0.009310901,-0.6868436,34502,21/12/2020 0:01:42,
10.95336,0.03899986,0.3872252,34502,21/12/2020 0:01:43,
13.03129,-0.01274955,-0.05994194,34502,21/12/2020 0:01:44,
15.3781,-1.785545,4.156475,34502,21/12/2020 0:01:45,
15.3781,-2.017314,4.156475,34502,21/12/2020 0:01:46,
15.3781,-2.017314,4.156475,34502,21/12/2020 0:01:47,
5.4,-0.02136046,-35.09,34502,21/12/2020 0:01:48,
5.4,-0.02136046,-35.09,34502,21/12/2020 0:01:49,
5.087175,-0.02022374,-29.7497,34502,21/12/2020 0:01:50,
6.043813,-0.01786536,-23.15377,34502,21/12/2020 0:01:51,
7.264535,-0.01509368,-15.67083,34502,21/12/2020 0:01:52,
8.483409,-0.0123263,-8.199219,34502,21/12/2020 0:01:53,
8.614889,-0.01036328,-0.8524043,34502,21/12/2020 0:01:54,
11.05654,-0.009258568,-3.328661,34502,21/12/2020 0:01:55,
14.12938,-0.01731431,0.6658147,34502,21/12/2020 0:01:56,
20.45856,-0.01731437,1.332247,34502,21/12/2020 0:01:57,
26.21608,0.03666192,1.497339,34502,21/12/2020 0:01:58,
29.82695,0.2052222,1.468581,34502,21/12/2020 0:01:59,
29.89247,0.1949444,1.847227,34502,21/12/2020 0:02:00,
29.47765,0.2403514,-0.1282746,34502,21/12/2020 0:02:01,
29.97746,0.2673538,0.4759368,34502,21/12/2020 0:02:02,
29.97746,0.2673538,0.4759368,34502,21/12/2020 0:02:03,
31.23923,0.5630935,5.652861,34502,21/12/2020 0:02:04,
29.48122,0.4841863,12.16034,34502,21/12/2020 0:02:05,
28.90184,0.4038805,12.49108,34502,21/12/2020 0:02:06,
26.59905,0.4986409,14.1983,34502,21/12/2020 0:02:07,
25.74447,0.4096707,15.86091,34502,21/12/2020 0:02:08,
25.62961,0.4561281,17.26787,34502,21/12/2020 0:02:09,
20.38375,0.3174171,21.46278,34502,21/12/2020 0:02:10,
18.97686,0.4208086,23.73261,34502,21/12/2020 0:02:11,
18.8748,0.4250585,23.60281,34502,21/12/2020 0:02:12,
18.8748,0.4250585,23.60281,34502,21/12/2020 0:02:13,
21.56396,0.130862,22.4183,34502,21/12/2020 0:02:14,
28.59932,0.209079,21.14714,34502,21/12/2020 0:02:15,
30.68887,0.3196839,22.6085,34502,21/12/2020 0:02:16,
31.12608,1.099303,20.41158,34502,21/12/2020 0:02:17,
31.12608,0.4385159,20.41158,34502,21/12/2020 0:02:18,
31.12608,0.4385159,20.41158,34502,21/12/2020 0:02:19,
31.12608,0.4385159,20.41158,34502,21/12/2020 0:02:20,
31.12608,0.4385159,20.41158,34502,21/12/2020 0:02:21,
31.12608,0.4385159,20.41158,34502,21/12/2020 0:02:22,
31.12608,0.4385159,20.41158,34502,21/12/2020 0:02:23,
31.12608,0.4385159,20.41158,34502,21/12/2020 0:02:24,
31.12608,0.4385159,20.41158,34502,21/12/2020 0:02:25,
31.12608,0.4385159,20.41158,34502,21/12/2020 0:02:26,
31.12608,0.4385159,20.41158,34502,21/12/2020 0:02:27,
31.12608,0.4385159,20.41158,34502,21/12/2020 0:02:28,
31.12608,0.4385159,20.41158,34502,21/12/2020 0:02:29,
31.12608,0.4385159,20.41158,34502,21/12/2020 0:02:30,
26,0.04483724,1,34502,21/12/2020 0:02:31,
26,0.04483724,1,34502,21/12/2020 0:02:32,
30.76164,0.2843683,0.9101239,34502,21/12/2020 0:02:33,
30.83211,0.6513008,6.628368,34502,21/12/2020 0:02:34,
26.72234,0.3104001,11.71552,34502,21/12/2020 0:02:35,
27.00551,0.2471669,10.27781,34502,21/12/2020 0:02:36,
29.53436,0.4537441,5.496861,34502,21/12/2020 0:02:37,
25.15033,-0.01436996,1.210071,34502,21/12/2020 0:02:38,
18.54642,-0.01731431,-0.1090604,34502,21/12/2020 0:02:39,
20.54076,-0.01731431,0.3324704,34502,21/12/2020 0:02:40,
26.13171,0.06290275,0.5624796,34502,21/12/2020 0:02:41,
29.29475,0.110782,-4.492775,34502,21/12/2020 0:02:42,
28.52392,0.1749126,-7.443375,34502,21/12/2020 0:02:43,
27.99263,0.1510438,-7.530233,34502,21/12/2020 0:02:44,
25.31902,0.02629411,-8.363398,34502,21/12/2020 0:02:45,
27.10357,0.07709241,-8.030788,34502,21/12/2020 0:02:46,
31.12908,0.3741713,-5.093748,34502,21/12/2020 0:02:47,
33.89198,0.2992584,1.510019,34502,21/12/2020 0:02:48,
36.82293,0.5759095,0.09907377,34502,21/12/2020 0:02:49,
33.17906,0.5184935,5.713054,34502,21/12/2020 0:02:50,
28.02426,0.371775,10.98478,34502,21/12/2020 0:02:51,
21.86442,1.268623,15.65777,34502,21/12/2020 0:02:52,
17.29369,0.7926214,18.51151,34502,21/12/2020 0:02:53,
17.24079,0.8696669,19.05873,34502,21/12/2020 0:02:54,
14.39584,1.406009,18.65893,34502,21/12/2020 0:02:55,
19.65125,0.384818,18.26137,34502,21/12/2020 0:02:56,
23.65245,0.4795061,16.02468,34502,21/12/2020 0:02:57,
29.77792,0.2568849,13.89709,34502,21/12/2020 0:02:58,
31.16873,0.6735677,6.859964,34502,21/12/2020 0:02:59,
33.82325,0.3378737,0.532343,34502,21/12/2020 0:03:00,
35.35936,0.4506364,-4.279347,34502,21/12/2020 0:03:01,
41.21355,0.49,-0.6009772,34502,21/12/2020 0:03:02,
46.77796,0.5219822,-3.224211,34502,21/12/2020 0:03:03,
48.16197,0.3476914,-10.4546,34502,21/12/2020 0:03:04,
50.24217,0.3506863,-17.2793,34502,21/12/2020 0:03:05,
50.26665,0.4030862,-18.97223,34502,21/12/2020 0:03:06,
51.35906,0.3392063,-23.18847,34502,21/12/2020 0:03:07,
49.13012,0.1478581,-26.83002,34502,21/12/2020 0:03:08,
48.03628,0.3672047,-26.58794,34502,21/12/2020 0:03:09,
47.60559,0.1801994,-24.33792,34502,21/12/2020 0:03:10,
46.93918,0.3359736,-23.96358,34502,21/12/2020 0:03:11,
46.93918,0.3359735,-23.96358,34502,21/12/2020 0:03:12,
46.93918,0.3359735,-23.96358,34502,21/12/2020 0:03:13,
46.17954,0.59729,-26.38849,34502,21/12/2020 0:03:14,
41.71442,0.6724908,-22.83105,34502,21/12/2020 0:03:15,
36.63217,0.2373748,-20.32822,34502,21/12/2020 0:03:16,
37.77848,0.5650958,-18.08236,34502,21/12/2020 0:03:17,
38.74632,0.4974369,-16.91097,34502,21/12/2020 0:03:18,
38.01922,0.2065786,-22.43056,34502,21/12/2020 0:03:19,
42.57869,0.6929877,-23.47168,34502,21/12/2020 0:03:20,
48.55517,0.2878118,-26.17534,34502,21/12/2020 0:03:21,
55.07676,0.4852653,-23.63357,34502,21/12/2020 0:03:22,
59.4775,0.6935338,-24.28171,34502,21/12/2020 0:03:23,
63.16528,1.01219,-25.5389,34502,21/12/2020 0:03:24,
66.84901,0.5541667,-26.06467,34502,21/12/2020 0:03:25,
67.3301,1.501584,-26.99145,34502,21/12/2020 0:03:26,
63.29599,0.8979492,-24.97761,34502,21/12/2020 0:03:27,
59.13227,0.7848932,-25.06274,34502,21/12/2020 0:03:28,
53.30589,1.669321,-25.5992,34502,21/12/2020 0:03:29,
52.60014,0.328789,-25.59991,34502,21/12/2020 0:03:30,
51.42884,0.8553231,-26.80952,34502,21/12/2020 0:03:31,
55.54372,4,-28.55111,34502,21/12/2020 0:03:32,
56.87819,4,-29.66745,34502,21/12/2020 0:03:33,
57.25681,4,-29.99977,34502,21/12/2020 0:03:34,
57.03471,3.982686,-30.15223,34502,21/12/2020 0:03:35,
56.54079,3.982686,-30.51289,34502,21/12/2020 0:03:36,
56.81206,3.982686,-32.46412,34502,21/12/2020 0:03:37,
57.4321,3.982685,-35.59309,34502,21/12/2020 0:03:38,
57.26607,3.982686,-35.71397,34502,21/12/2020 0:03:39,
57.0442,3.982686,-34.50644,34502,21/12/2020 0:03:40,
56.60915,3.982686,-36.91685,34502,21/12/2020 0:03:41,
57.10249,3.982686,-37.09905,34502,21/12/2020 0:03:42,
57.22855,3.982686,-33.73532,34502,21/12/2020 0:03:43,
64.20139,5.610687,-34.79555,34502,21/12/2020 0:03:44,
64.82782,-2.661311,-35.00335,34502,21/12/2020 0:03:45,
64.82782,-2.75,-35.00335,34502,21/12/2020 0:03:46,
56.75,4.88,-28,34502,21/12/2020 0:03:47,
56.75,4,-28,34502,21/12/2020 0:03:48,
56.72338,4,-27.47632,34502,21/12/2020 0:03:49,
54.39819,0.4497702,-21.99172,34502,21/12/2020 0:03:50,
53.79844,0.112834,-15.56442,34502,21/12/2020 0:03:51,
52.9826,0.2256583,-8.479653,34502,21/12/2020 0:03:52,
57.1764,0.4361048,-2.948826,34502,21/12/2020 0:03:53,
62.80381,2.285417,-1.840423,34502,21/12/2020 0:03:54,
65.08294,0.6536239,-1.486614,34502,21/12/2020 0:03:55,
69.60938,3.202549,-2.362874,34502,21/12/2020 0:03:56,
71.18609,4,-5.188565,34502,21/12/2020 0:03:57,
70.31174,3.982686,-0.09051892,34502,21/12/2020 0:03:58,
70.49939,3.982686,6.030684,34502,21/12/2020 0:03:59,
70.53935,3.982685,6.46078,34502,21/12/2020 0:04:00,
70.53935,3.982685,6.46078,34502,21/12/2020 0:04:01,
74.31361,6.170686,6.383203,34502,21/12/2020 0:04:02,
73.82869,3.998771,4.968671,34502,21/12/2020 0:04:03,
76.7897,4,6.035561,34502,21/12/2020 0:04:04,
79.6108,4,6.108265,34502,21/12/2020 0:04:05,
82.47743,4,5.782407,34502,21/12/2020 0:04:06,
85.37733,4,5.708627,34502,21/12/2020 0:04:07,
89.85787,5.896001,7.714262,34502,21/12/2020 0:04:08,
92.09951,3.980958,7.137217,34502,21/12/2020 0:04:09,
92.09951,3.980958,7.137217,34502,21/12/2020 0:04:10,
92.09951,3.980958,7.137217,34502,21/12/2020 0:04:11,
92.09951,3.980958,7.137217,34502,21/12/2020 0:04:12,
92.09951,3.980958,7.137217,34502,21/12/2020 0:04:13,
92.09951,3.980958,7.137217,34502,21/12/2020 0:04:14,
92.09951,3.980958,7.137217,34502,21/12/2020 0:04:15,
92.01205,3.980857,7.066178,34502,21/12/2020 0:04:16,
86.14961,4,6.996373,34502,21/12/2020 0:04:17,
89.44093,4,7.01603,34502,21/12/2020 0:04:18,
86.48711,4,7.114097,34502,21/12/2020 0:04:19,
83.38628,4,7.079745,34502,21/12/2020 0:04:20,
81.77211,5.982685,7.016418,34502,21/12/2020 0:04:21,
74.88535,8.415958,6.69945,34502,21/12/2020 0:04:22,
68.01888,1.882078,5.569864,34502,21/12/2020 0:04:23,
62.67863,0.5504353,2.767241,34502,21/12/2020 0:04:24,
56.84918,0.4206671,-1.439496,34502,21/12/2020 0:04:25,
55.39127,0.1823293,-6.984231,34502,21/12/2020 0:04:26,
56.01561,-0.01731431,-13.53122,34502,21/12/2020 0:04:27,
62.1682,-0.01731431,-10.97049,34502,21/12/2020 0:04:28,
65.22694,-0.0007962584,-7.727554,34502,21/12/2020 0:04:29,
67.56203,0.5600541,-7.574365,34502,21/12/2020 0:04:30,
64.90144,0.9,-11.34722,34502,21/12/2020 0:04:31,
62.56147,-0.01731431,-15.54595,34502,21/12/2020 0:04:32,
6,-0.02091116,-35,80445,21/12/2020 0:19:31,
6,-0.02091116,-35,80445,21/12/2020 0:19:32,
6,-0.02091116,-35,80445,21/12/2020 0:19:33,
2.506993,-0.02338469,-34.96707,80445,21/12/2020 0:19:34,
-5.21333,2.105075,-34.89441,80445,21/12/2020 0:19:35,
-11.2359,-0.03311622,-34.83631,80445,21/12/2020 0:19:36,
-18.18229,0.9826857,-34.6424,80445,21/12/2020 0:19:37,
-22.14479,0.9826857,-34.47603,80445,21/12/2020 0:19:38,
-22.14479,0.9826857,-34.47603,80445,21/12/2020 0:19:39,
-22.14479,0.9826857,-34.47603,80445,21/12/2020 0:19:40,
-22.14479,0.9826857,-34.47603,80445,21/12/2020 0:19:41,
-22.14479,0.9826857,-34.47603,80445,21/12/2020 0:19:42,
-22.14479,0.9826857,-34.47603,80445,21/12/2020 0:19:43,
-18.94849,0.9826858,-33.9237,80445,21/12/2020 0:19:44,
-12.3198,0.182871,-31.44094,80445,21/12/2020 0:19:45,
-12.43013,0.2399756,-25.22437,80445,21/12/2020 0:19:46,
-19.38251,2.358686,-23.99918,80445,21/12/2020 0:19:47,
-23.60802,1.039,-23.90244,80445,21/12/2020 0:19:48,
-23.60802,1.039,-23.90244,80445,21/12/2020 0:19:49,
-23.60802,1.039,-23.90244,80445,21/12/2020 0:19:50,
-23.60802,1.039,-23.90244,80445,21/12/2020 0:19:51,
-21.43871,0.9826857,-23.00958,80445,21/12/2020 0:19:52,
-18.76982,2.370687,-16.21455,80445,21/12/2020 0:19:53,
-21.51276,0.9826858,-13.70253,80445,21/12/2020 0:19:54,
-23.13183,0.9826857,-14.65838,80445,21/12/2020 0:19:55,
-23.13183,0.9826857,-14.65838,80445,21/12/2020 0:19:56,
-24.81261,3.144933,-14.83923,80445,21/12/2020 0:19:57,
-28.10891,3.150686,-15.03,80445,21/12/2020 0:19:58,
-28.61085,0.9826857,-14.80537,80445,21/12/2020 0:19:59,
-29.39005,0.9826858,-13.72615,80445,21/12/2020 0:20:00,
-23.58832,3.094686,-9.517772,80445,21/12/2020 0:20:01,
-19.18096,0.9826858,-6.25065,80445,21/12/2020 0:20:02,
-18.6677,0.9826858,-5.445156,80445,21/12/2020 0:20:03,
-21.09902,0.9826857,-1.757914,80445,21/12/2020 0:20:04,
-21.44162,0.9826857,-4.932149,80445,21/12/2020 0:20:05,
-24.84607,2.998686,-4.669772,80445,21/12/2020 0:20:06,
-25.71975,2,-4.493192,80445,21/12/2020 0:20:07,
-24.68394,2.490686,-0.1996228,80445,21/12/2020 0:20:08,
-22.81917,0.9826857,3.455511,80445,21/12/2020 0:20:09,
-24.78786,0.9826857,4.248565,80445,21/12/2020 0:20:10,
-26.14437,0.9826857,4.649128,80445,21/12/2020 0:20:11,
-26.84739,0.9826857,5.844912,80445,21/12/2020 0:20:12,
-23.50297,0.9826858,6.947976,80445,21/12/2020 0:20:13,
-24.97683,0.9826857,12.79088,80445,21/12/2020 0:20:14,
-24.79554,1.558686,15.02194,80445,21/12/2020 0:20:15,
-23.64083,0.9826858,14.39353,80445,21/12/2020 0:20:16,
-17.30937,0.9826858,15.6719,80445,21/12/2020 0:20:17,
-18.87976,0.9826858,14.91116,80445,21/12/2020 0:20:18,
-24.92695,3.206686,15.81448,80445,21/12/2020 0:20:19,
-26.89341,2.000024,16.12218,80445,21/12/2020 0:20:20,
-27.61796,4.018956,17.71083,80445,21/12/2020 0:20:21,
-28.04035,2.055407,23.94898,80445,21/12/2020 0:20:22,
-25.34556,0.9826857,25.75236,80445,21/12/2020 0:20:23,
-25.7338,0.9826857,26.59274,80445,21/12/2020 0:20:24,
-26.01296,0.9826858,32.11692,80445,21/12/2020 0:20:25,
-23.00164,0.9826858,33.2912,80445,21/12/2020 0:20:26,
-17.73589,0.9826858,35.0948,80445,21/12/2020 0:20:27,
-15.40764,0.9826858,34.656,80445,21/12/2020 0:20:28,
-12.34706,0.2078664,28.19717,80445,21/12/2020 0:20:29,
-8.021158,-0.01635724,22.04294,80445,21/12/2020 0:20:30,
-3.588857,-0.01446456,16.15198,80445,21/12/2020 0:20:31,
1.854197,1.610166,10.84599,80445,21/12/2020 0:20:32,
5.734239,1.364998,6.742288,80445,21/12/2020 0:20:33,
8.757383,-0.009759784,1.121037,80445,21/12/2020 0:20:34,
10.62678,0.03899986,1.419319,80445,21/12/2020 0:20:35,
10.62678,0.03899986,1.419319,80445,21/12/2020 0:20:36,
12.63879,-0.01059282,1.375278,80445,21/12/2020 0:20:37,
19.97669,-0.01731437,0.9577255,80445,21/12/2020 0:20:38,
27.39402,0.08383739,0.7559171,80445,21/12/2020 0:20:39,
30.52056,0.2338731,1.75125,80445,21/12/2020 0:20:40,
31.60397,0.2965276,1.327999,80445,21/12/2020 0:20:41,
32.90532,0.3340516,0.2546508,80445,21/12/2020 0:20:42,
35.19053,0.4436466,0.592324,80445,21/12/2020 0:20:43,
33.94857,0.5005711,6.351386,80445,21/12/2020 0:20:44,
29.73145,0.7602183,9.563611,80445,21/12/2020 0:20:45,
27.92343,0.390487,11.44227,80445,21/12/2020 0:20:46,
27.34294,0.2743883,13.73152,80445,21/12/2020 0:20:47,
26.92783,0.4799423,15.36267,80445,21/12/2020 0:20:48,
25.95206,0.2828754,20.99463,80445,21/12/2020 0:20:49,
25.26806,0.4019606,23.47308,80445,21/12/2020 0:20:50,
23.89167,0.2151885,23.67757,80445,21/12/2020 0:20:51,
19.17635,0.44203,23.25039,80445,21/12/2020 0:20:52,
17.89067,0.4236453,23.22047,80445,21/12/2020 0:20:53,
23.07993,0.3804916,24.6796,80445,21/12/2020 0:20:54,
29.72254,0.227353,21.55016,80445,21/12/2020 0:20:55,
33.15961,0.4052888,19.56014,80445,21/12/2020 0:20:56,
30.19092,0.2116694,18.94279,80445,21/12/2020 0:20:57,
25.03295,0.3162682,19.01152,80445,21/12/2020 0:20:58,
18.08476,0.6863004,18.46011,80445,21/12/2020 0:20:59,
17.63352,0.7518638,18.50038,80445,21/12/2020 0:21:00,
17.63352,0.7518638,18.50038,80445,21/12/2020 0:21:01,
22.16909,0.1048062,19.5234,80445,21/12/2020 0:21:02,
29.40294,0.2381424,21.63314,80445,21/12/2020 0:21:03,
36.07654,0.5372307,25.00717,80445,21/12/2020 0:21:04,
42.95206,0.915002,27.85417,80445,21/12/2020 0:21:05,
45.62651,0.8888644,28.8146,80445,21/12/2020 0:21:06,
51.80088,1.639005,29.31693,80445,21/12/2020 0:21:07,
56.64046,0.6403407,29.59434,80445,21/12/2020 0:21:08,
58.92735,0.6058947,29.69559,80445,21/12/2020 0:21:09,
63.71397,0.5762372,29.61137,80445,21/12/2020 0:21:10,
67.01236,0.7075037,28.58364,80445,21/12/2020 0:21:11,
67.20059,0.3362784,26.81615,80445,21/12/2020 0:21:12,
67.03316,0.7300296,22.45575,80445,21/12/2020 0:21:13,
66.86851,0.4726247,18.56029,80445,21/12/2020 0:21:14,
64.64438,0.2127074,11.35152,80445,21/12/2020 0:21:15,
61.62047,0.3476585,8.269143,80445,21/12/2020 0:21:16,
58.17495,0.472039,5.345718,80445,21/12/2020 0:21:17,
53.15596,0.6989397,2.311548,80445,21/12/2020 0:21:18,
46.86557,0.6529006,-0.705161,80445,21/12/2020 0:21:19,
39.79509,0.4899999,-0.9849969,80445,21/12/2020 0:21:20,
33.44018,0.5811146,-4.565206,80445,21/12/2020 0:21:21,
28.99419,0.186656,-7.423047,80445,21/12/2020 0:21:22,
28.72277,0.1840408,-7.581104,80445,21/12/2020 0:21:23,
25.39509,-0.02791607,-8.792341,80445,21/12/2020 0:21:24,
29.31993,0.1997862,-8.046835,80445,21/12/2020 0:21:25,
29.5745,0.2430362,-0.6939498,80445,21/12/2020 0:21:26,
29.79762,0.5332296,6.798275,80445,21/12/2020 0:21:27,
25.5155,0.3806566,12.46631,80445,21/12/2020 0:21:28,
19.70771,0.3549173,16.97511,80445,21/12/2020 0:21:29,
17.24094,0.875149,19.14257,80445,21/12/2020 0:21:30,
17.24094,0.875149,19.14257,80445,21/12/2020 0:21:31,
16.161,0.8007295,19.10358,80445,21/12/2020 0:21:32,
19.56348,0.4728125,20.22902,80445,21/12/2020 0:21:33,
25.85584,0.153457,20.07518,80445,21/12/2020 0:21:34,
29.18479,0.2407405,13.81352,80445,21/12/2020 0:21:35,
29.59857,0.4854258,6.500351,80445,21/12/2020 0:21:36,
31.04571,0.2942268,-0.4221159,80445,21/12/2020 0:21:37,
28.90309,0.1741689,-6.98963,80445,21/12/2020 0:21:38,
21.77752,0.213266,-7.820827,80445,21/12/2020 0:21:39,
17.54865,0.5341706,-8.479241,80445,21/12/2020 0:21:40,
15.45102,0.6670667,-12.57424,80445,21/12/2020 0:21:41,
14.40755,0.02586943,-19.71975,80445,21/12/2020 0:21:42,
14.90144,0.3970046,-25.89772,80445,21/12/2020 0:21:43,
18.70819,0.3794295,-29.36491,80445,21/12/2020 0:21:44,
23.97684,1.170957,-29.63485,80445,21/12/2020 0:21:45,
28.97559,1.366642,-29.36606,80445,21/12/2020 0:21:46,
31.6036,0.6025187,-26.89722,80445,21/12/2020 0:21:47,
33.51022,0.9302932,-24.96693,80445,21/12/2020 0:21:49,
33.95848,1.023982,-26.10974,80445,21/12/2020 0:21:50,
34.48602,0.9177301,-25.67572,80445,21/12/2020 0:21:51,
39.89806,0.4750854,-21.26833,80445,21/12/2020 0:21:52,
43.82406,0.4484051,-20.96078,80445,21/12/2020 0:21:53,
44.86726,0.6293925,-24.38501,80445,21/12/2020 0:21:54,
41.14259,0.6657585,-23.51283,80445,21/12/2020 0:21:55,
44.47699,0.6265374,-18.08339,80445,21/12/2020 0:21:56,
50.57874,0.3119512,-21.00225,80445,21/12/2020 0:21:57,
52.60319,1.794801,-27.43562,80445,21/12/2020 0:21:58,
54.63932,3.423251,-29.59901,80445,21/12/2020 0:21:59,
56.92405,3.982685,-31.01874,80445,21/12/2020 0:22:00,
58.16972,3.982685,-33.27299,80445,21/12/2020 0:22:01,
57.84687,3.982686,-35.63209,80445,21/12/2020 0:22:02,
57.85409,3.982685,-36.76096,80445,21/12/2020 0:22:03,
57.84144,3.982686,-37.29028,80445,21/12/2020 0:22:04,
56.91159,3.982686,-34.48902,80445,21/12/2020 0:22:05,
61.18651,2.475599,-28.52133,80445,21/12/2020 0:22:06,
62.12531,2.097908,-27.47495,80445,21/12/2020 0:22:07,
65.30533,0.3273335,-26.34616,80445,21/12/2020 0:22:08,
66.92422,0.1932708,-27.45209,80445,21/12/2020 0:22:09,
66.84987,0.303341,-25.03736,80445,21/12/2020 0:22:10,
65.59174,0.6730409,-23.96999,80445,21/12/2020 0:22:11,
63.35589,0.9418873,-26.61355,80445,21/12/2020 0:22:12,
61.70838,0.9698263,-25.27495,80445,21/12/2020 0:22:13,
58.42091,0.7528855,-24.9466,80445,21/12/2020 0:22:14,
54.22509,0.4592216,-25.0387,80445,21/12/2020 0:22:15,
52.8533,0.1147938,-17.75158,80445,21/12/2020 0:22:16,
56.59017,-0.01731437,-14.70798,80445,21/12/2020 0:22:17,
56.42106,-0.01731437,-10.46183,80445,21/12/2020 0:22:18,
56.12449,0.3976742,-3.332598,80445,21/12/2020 0:22:19,
62.48763,0.4163888,-3.250719,80445,21/12/2020 0:22:20,
62.83118,0.7307647,-1.737099,80445,21/12/2020 0:22:21,
67.09918,0.5165011,2.426428,80445,21/12/2020 0:22:22,
69.6089,2.877551,-1.956627,80445,21/12/2020 0:22:23,
70.76694,3.982686,-2.211399,80445,21/12/2020 0:22:24,
70.89098,3.982686,4.980753,80445,21/12/2020 0:22:25,
71.01966,3.982686,7.534902,80445,21/12/2020 0:22:26,
71.01966,3.982686,7.534902,80445,21/12/2020 0:22:27,
71.04391,3.982686,7.536265,80445,21/12/2020 0:22:28,
71.04391,3.982686,7.536265,80445,21/12/2020 0:22:29,
75.58377,4.938686,7.397131,80445,21/12/2020 0:22:30,
73.40549,3.999995,7.391005,80445,21/12/2020 0:22:31,
76.30666,3.999995,7.391005,80445,21/12/2020 0:22:32,
79.60909,5.964,7.359147,80445,21/12/2020 0:22:33,
81.59544,5.982685,7.298272,80445,21/12/2020 0:22:34,
83.62399,7.802687,7.374911,80445,21/12/2020 0:22:35,
90.91697,4.898716,7.608908,80445,21/12/2020 0:22:36,
92.32697,4.959228,7.531853,80445,21/12/2020 0:22:37,
92.0474,4.297816,7.432281,80445,21/12/2020 0:22:38,
91.7702,3.980584,7.431034,80445,21/12/2020 0:22:39,
91.7702,3.980584,7.431034,80445,21/12/2020 0:22:40,
91.7702,3.980584,7.431034,80445,21/12/2020 0:22:41,
91.70899,3.980515,7.420362,80445,21/12/2020 0:22:42,
91.64686,3.980445,7.420816,80445,21/12/2020 0:22:43,
90.01626,5.944351,7.29626,80445,21/12/2020 0:22:44,
86.22932,4,6.927207,80445,21/12/2020 0:22:45,
81.56168,5.982686,6.530774,80445,21/12/2020 0:22:46,
78.79695,8.222686,6.319584,80445,21/12/2020 0:22:47,
71.70637,3.982686,5.777957,80445,21/12/2020 0:22:48,
68.21448,0.4515532,4.867819,80445,21/12/2020 0:22:49,
62.08167,0.5326744,1.659431,80445,21/12/2020 0:22:50,
55.60266,0.3373694,-1.567351,80445,21/12/2020 0:22:51,
51.79105,0.4915173,-8.04383,80445,21/12/2020 0:22:52,
54.76944,0.0645079,-14.43696,80445,21/12/2020 0:22:53,
61.04539,-0.01731431,-14.82505,80445,21/12/2020 0:22:54,
60.17429,-0.01731437,-18.41041,80445,21/12/2020 0:22:55,
65.97713,-0.01914591,-20.08633,80445,21/12/2020 0:22:56,
65.94514,-0.01731431,-15.70587,80445,21/12/2020 0:22:57,
63.53818,-0.01731431,-11.33489,80445,21/12/2020 0:22:58,
60.57225,-0.01731431,-9.434351,80445,21/12/2020 0:22:59,
65.45213,-0.01731431,-8.385901,80445,21/12/2020 0:23:00,
69.13188,0.3999844,-12.36804,80445,21/12/2020 0:23:01,
64.15556,-0.01731431,-15.04696,80445,21/12/2020 0:23:02,
6,-0.02091116,-35,62638,21/12/2020 0:28:05,
6,-0.02091116,-35,62638,21/12/2020 0:28:06,
0.3626546,0.7276076,-34.69022,62638,21/12/2020 0:28:07,
-6.600538,-0.02969211,-34.32349,62638,21/12/2020 0:28:08,
-13.81363,1.273844,-33.97451,62638,21/12/2020 0:28:09,
-21.29402,2.346686,-33.72098,62638,21/12/2020 0:28:10,
-27.1664,0.01651818,-34.01096,62638,21/12/2020 0:28:11,
-27.1664,0.01651818,-34.01096,62638,21/12/2020 0:28:12,
-27.1664,0.01651818,-34.01096,62638,21/12/2020 0:28:13,
5.4,-0.02136046,-35.09,62638,21/12/2020 0:28:14,
5.4,-0.02136046,-35.09,62638,21/12/2020 0:28:15,
5.324535,-0.02139276,-35.00633,62638,21/12/2020 0:28:16,
-1.071944,1.20746,-32.03948,62638,21/12/2020 0:28:17,
-7.454776,-0.02910149,-29.61731,62638,21/12/2020 0:28:18,
-13.93528,0.9788398,-27.11749,62638,21/12/2020 0:28:19,
-19.99785,0.9826857,-24.81053,62638,21/12/2020 0:28:20,
-26.82962,0.9826858,-21.77997,62638,21/12/2020 0:28:21,
-31.24731,-0.01731431,-18.40097,62638,21/12/2020 0:28:22,
-29.90071,0.9826856,-15.12312,62638,21/12/2020 0:28:23,
-29.48666,0.9826857,-17.50693,62638,21/12/2020 0:28:24,
-24.19233,0.9826858,-14.90079,62638,21/12/2020 0:28:25,
-17.98377,1.734686,-10.84425,62638,21/12/2020 0:28:26,
-20.76182,0.9826858,-5.080389,62638,21/12/2020 0:28:27,
-20.57633,0.1010363,1.094766,62638,21/12/2020 0:28:28,
-23.62293,-0.01731431,0.4009563,62638,21/12/2020 0:28:29,
-24.69686,1.167232,0.1812743,62638,21/12/2020 0:28:30,
-24.65662,0.9826858,-1.55932,62638,21/12/2020 0:28:31,
-27.29961,0.9826858,-1.129684,62638,21/12/2020 0:28:32,
-24.15569,1.17722,3.854526,62638,21/12/2020 0:28:33,
-26.59296,0.9826857,5.561871,62638,21/12/2020 0:28:34,
-27.37434,0.9826858,5.788854,62638,21/12/2020 0:28:35,
-24.12143,1.938687,12.7905,62638,21/12/2020 0:28:36,
-23.91476,0.9826858,18.29935,62638,21/12/2020 0:28:37,
-22.5624,1.326686,26.13288,62638,21/12/2020 0:28:38,
-27.39846,0.9826858,26.89515,62638,21/12/2020 0:28:39,
-26.30075,0.9826857,26.71453,62638,21/12/2020 0:28:40,
-25.28992,0.9826857,26.5379,62638,21/12/2020 0:28:41,
-24.10051,0.9826857,32.02018,62638,21/12/2020 0:28:42,
-24.38025,0.9826857,32.44471,62638,21/12/2020 0:28:43,
-27.03105,0.9826858,30.76738,62638,21/12/2020 0:28:44,
-26.07412,0.9826857,29.64387,62638,21/12/2020 0:28:45,
-25.39067,0.9826857,30.43141,62638,21/12/2020 0:28:46,
-21.12954,0.9826858,31.112,62638,21/12/2020 0:28:47,
-14.81238,0.9826858,34.41657,62638,21/12/2020 0:28:48,
-11.32666,-0.01512712,36.10612,62638,21/12/2020 0:28:49,
-7.389011,-0.01240528,35.80741,62638,21/12/2020 0:28:50,
-7.788154,-0.01450205,28.68281,62638,21/12/2020 0:28:51,
-7.480763,-0.01610202,21.53687,62638,21/12/2020 0:28:52,
-5.266509,-0.01628435,14.63843,62638,21/12/2020 0:28:53,
-5.875297,-0.0185914,7.272357,62638,21/12/2020 0:28:54,
0.5118819,-0.01498693,3.602594,62638,21/12/2020 0:28:55,
7.754904,-0.01040018,1.403624,62638,21/12/2020 0:28:56,
12.34903,-0.009220779,0.9534397,62638,21/12/2020 0:28:57,
12.34903,-0.009220779,0.9534397,62638,21/12/2020 0:28:58,
14.70692,-0.01731437,0.7235212,62638,21/12/2020 0:28:59,
21.31166,-0.01731431,0.3145896,62638,21/12/2020 0:29:00,
28.58599,0.1248902,0.7305629,62638,21/12/2020 0:29:01,
29.93631,0.2515147,0.7354848,62638,21/12/2020 0:29:02,
31.21948,0.2999486,0.740792,62638,21/12/2020 0:29:03,
31.72078,0.3098779,0.7420814,62638,21/12/2020 0:29:04,
32.24533,0.2907921,1.972004,62638,21/12/2020 0:29:05,
28.04133,0.07927758,1.353132,62638,21/12/2020 0:29:06,
28.04133,0.07927758,1.353132,62638,21/12/2020 0:29:07,
25.94149,2.535845,-4.926335,62638,21/12/2020 0:29:08,
25.75184,-0.003075778,-7.081595,62638,21/12/2020 0:29:09,
25.84031,-0.008768439,-6.986288,62638,21/12/2020 0:29:10,
28.0629,0.06162637,-8.926202,62638,21/12/2020 0:29:11,
28.30695,0.1245093,-8.503847,62638,21/12/2020 0:29:12,
28.29696,0.1213688,-6.28008,62638,21/12/2020 0:29:13,
21.81266,0.3626796,-8.526403,62638,21/12/2020 0:29:14,
17.68509,0.7276921,-9.384705,62638,21/12/2020 0:29:15,
15.5725,0.1035657,-16.07911,62638,21/12/2020 0:29:16,
14.78391,0.2130489,-23.30025,62638,21/12/2020 0:29:17,
15.14029,0.358394,-26.21083,62638,21/12/2020 0:29:18,
15.77937,-0.002309561,-21.99038,62638,21/12/2020 0:29:19,
16.23123,0.2629755,-15.14472,62638,21/12/2020 0:29:20,
21.36991,0.5952694,-10.4155,62638,21/12/2020 0:29:21,
26.94874,1.982686,-5.096944,62638,21/12/2020 0:29:22,
31.01153,1.589733,0.9227561,62638,21/12/2020 0:29:23,
30.21955,0.5973161,6.810779,62638,21/12/2020 0:29:24,
28.32553,0.3659292,10.58268,62638,21/12/2020 0:29:25,
26.84189,0.4975495,14.51942,62638,21/12/2020 0:29:26,
26.09506,0.2400296,19.36871,62638,21/12/2020 0:29:27,
25.20031,0.4072716,23.1637,62638,21/12/2020 0:29:28,
30.59938,0.07523626,20.03711,62638,21/12/2020 0:29:29,
30.60051,0.06896883,20.01423,62638,21/12/2020 0:29:30,
29.16189,0.2217597,21.37551,62638,21/12/2020 0:29:31,
23.19091,0.1759464,22.43149,62638,21/12/2020 0:29:32,
17.86951,0.6962435,18.28208,62638,21/12/2020 0:29:33,
17.241,0.7538322,18.1655,62638,21/12/2020 0:29:34,
16.16065,0.7995983,19.12421,62638,21/12/2020 0:29:35,
18.29652,0.5189859,21.76428,62638,21/12/2020 0:29:36,
20.35018,0.5765903,24.78017,62638,21/12/2020 0:29:37,
27.58348,0.2410423,25.4669,62638,21/12/2020 0:29:38,
35.11507,1.08061,23.3032,62638,21/12/2020 0:29:39,
39.95584,2.798677,20.48755,62638,21/12/2020 0:29:40,
44.07232,0.7021847,18.64697,62638,21/12/2020 0:29:41,
47.92271,0.946403,24.29267,62638,21/12/2020 0:29:42,
54.21288,2.057715,27.48893,62638,21/12/2020 0:29:43,
56.75301,-1.997739,28.56459,62638,21/12/2020 0:29:44,
56.75301,-1.997739,28.56459,62638,21/12/2020 0:29:45,
26,0.04483724,1,62638,21/12/2020 0:29:46,
26,0.04483724,1,62638,21/12/2020 0:29:47,
28.5258,0.1265231,0.3759382,62638,21/12/2020 0:29:48,
35.87647,0.5358137,-0.8085031,62638,21/12/2020 0:29:49,
42.73457,0.49,-0.3530779,62638,21/12/2020 0:29:50,
49.24096,0.2175837,0.899807,62638,21/12/2020 0:29:51,
55.01902,0.741964,4.619067,62638,21/12/2020 0:29:52,
61.33829,2.625271,1.238703,62638,21/12/2020 0:29:53,
67.10569,1.533729,0.005408347,62638,21/12/2020 0:29:54,
70.75351,4,-3.514271,62638,21/12/2020 0:29:55,
71.46436,3.982686,3.147367,62638,21/12/2020 0:29:56,
69.65139,3.761124,8.240254,62638,21/12/2020 0:29:57,
69.83242,3.941409,8.246755,62638,21/12/2020 0:29:58,
69.83242,3.941409,8.246755,62638,21/12/2020 0:29:59,
69.83242,3.941409,8.246755,62638,21/12/2020 0:30:00,
73.5737,6.534686,8.024381,62638,21/12/2020 0:30:01,
79.58736,4,7.608753,62638,21/12/2020 0:30:02,
81.57491,5.982685,7.421667,62638,21/12/2020 0:30:03,
85.78474,8.454686,7.171443,62638,21/12/2020 0:30:04,
92.09901,3.980957,6.796137,62638,21/12/2020 0:30:05,
92.01246,3.980858,6.422613,62638,21/12/2020 0:30:06,
86.85842,0.2843157,5.774575,62638,21/12/2020 0:30:07,
86.85842,0.2843157,5.774575,62638,21/12/2020 0:30:08,
86.85842,0.2843157,5.774575,62638,21/12/2020 0:30:09,
92,3.980844,7,62638,21/12/2020 0:30:10,
91.85751,3.980683,6.991147,62638,21/12/2020 0:30:11,
92.09905,3.980957,6.49389,62638,21/12/2020 0:30:12,
92.16228,3.98103,6.211921,62638,21/12/2020 0:30:13,
92.10027,3.980958,6.208067,62638,21/12/2020 0:30:14,
92.10027,3.980958,6.208067,62638,21/12/2020 0:30:15,
92.10027,3.980958,6.208067,62638,21/12/2020 0:30:16,
88.06107,6.267819,6.275314,62638,21/12/2020 0:30:17,
86.39339,0.2843157,6.307288,62638,21/12/2020 0:30:18,
86.39339,0.2843157,6.307288,62638,21/12/2020 0:30:19,
86.39339,0.2843157,6.307288,62638,21/12/2020 0:30:20,
92,3.980844,7,62638,21/12/2020 0:30:21,
92,3.980844,7,62638,21/12/2020 0:30:22,
92,3.980844,7,62638,21/12/2020 0:30:23,
92,3.980844,7,62638,21/12/2020 0:30:24,
92,3.980844,7,62638,21/12/2020 0:30:25,
92,3.980844,7,62638,21/12/2020 0:30:26,
90.35723,5.060018,7.027349,62638,21/12/2020 0:30:27,
85.90788,4,7.11108,62638,21/12/2020 0:30:28,
88.73145,4,7.111082,62638,21/12/2020 0:30:29,
85.83167,4,7.11108,62638,21/12/2020 0:30:30,
82.93187,4,7.11108,62638,21/12/2020 0:30:31,
81.4069,5.982685,7.133572,62638,21/12/2020 0:30:32,
77.68597,4.2,7.195519,62638,21/12/2020 0:30:33,
70.68566,3.982686,7.311098,62638,21/12/2020 0:30:34,
66.57268,0.5136071,3.170881,62638,21/12/2020 0:30:35,
61.33656,0.4034867,-0.5680805,62638,21/12/2020 0:30:36,
55.46991,0.3648212,-5.308521,62638,21/12/2020 0:30:37,
50.51815,0.3403417,-10.96164,62638,21/12/2020 0:30:38,
49.0985,0.1739589,-13.53708,62638,21/12/2020 0:30:39,
47.30647,0.360159,-14.36775,62638,21/12/2020 0:30:40,
46.36115,0.4916323,-14.34524,62638,21/12/2020 0:30:41,
44.77573,0.576956,-14.78586,62638,21/12/2020 0:30:42,
44.48312,0.6027043,-15.16833,62638,21/12/2020 0:30:43,
44.48312,0.6027043,-15.16833,62638,21/12/2020 0:30:44,
44.14452,0.6534784,-16.34118,62638,21/12/2020 0:30:45,
46.19381,0.346225,-22.52957,62638,21/12/2020 0:30:46,
49.62008,0.1664371,-24.73647,62638,21/12/2020 0:30:47,
52.29892,1.418208,-25.73096,62638,21/12/2020 0:30:48,
55.23442,0.3803018,-24.73657,62638,21/12/2020 0:30:49,
57.85788,0.6932783,-23.79441,62638,21/12/2020 0:30:50,
55.9716,0.2406982,-25.59953,62638,21/12/2020 0:30:51,
52.20735,1.478131,-26.15718,62638,21/12/2020 0:30:52,
55.90274,3.982686,-30.25578,62638,21/12/2020 0:30:53,
57.0864,3.982685,-32.16326,62638,21/12/2020 0:30:54,
57.0864,3.982685,-32.16326,62638,21/12/2020 0:30:55,
57.29843,3.982686,-32.99841,62638,21/12/2020 0:30:56,
57.06415,3.982686,-35.41302,62638,21/12/2020 0:30:57,
57.11607,3.982686,-34.72688,62638,21/12/2020 0:30:58,
57.11113,3.982686,-34.46685,62638,21/12/2020 0:30:59,
57.25799,3.982686,-35.03449,62638,21/12/2020 0:31:00,
56.67576,3.982686,-37.099,62638,21/12/2020 0:31:01,
57.73461,3.982686,-34.04891,62638,21/12/2020 0:31:02,
63.8248,5.070687,-29.07347,62638,21/12/2020 0:31:03,
65.87222,0.6399021,-23.81723,62638,21/12/2020 0:31:04,
66.81747,0.3654068,-24.32871,62638,21/12/2020 0:31:05,
65.61402,0.3132077,-26.40403,62638,21/12/2020 0:31:06,
66.9081,0.2955918,-28.19913,62638,21/12/2020 0:31:07,
62.99252,0.6794159,-29.16721,62638,21/12/2020 0:31:08,
61.73085,0.7259238,-27.7377,62638,21/12/2020 0:31:09,
55.43594,0.4519247,-24.05666,62638,21/12/2020 0:31:10,
53.61239,0.05668813,-17.37554,62638,21/12/2020 0:31:11,
58.80227,-0.01731431,-15.22003,62638,21/12/2020 0:31:12,
60.42824,-0.01731431,-17.72002,62638,21/12/2020 0:31:13,
59.85017,-0.01731437,-18.4314,62638,21/12/2020 0:31:14,
6,-0.02091116,-35,31512,21/12/2020 0:32:51,
6.290521,-0.02056664,-34.45751,31512,21/12/2020 0:32:52,
7.415987,-0.01786315,-26.97634,31512,21/12/2020 0:32:53,
7.996154,-0.01552784,-19.41977,31512,21/12/2020 0:32:54,
8.447573,-0.01328361,-11.86128,31512,21/12/2020 0:32:55,
8.899788,-0.01103538,-4.289429,31512,21/12/2020 0:32:56,
11.80891,0.03899997,1.371411,31512,21/12/2020 0:32:57,
11.95634,0.03899986,1.467782,31512,21/12/2020 0:32:58,
17.0121,-0.01731431,1.115582,31512,21/12/2020 0:32:59,
24.58899,-0.01731431,1.141609,31512,21/12/2020 0:33:00,
29.14744,0.1552575,1.145374,31512,21/12/2020 0:33:01,
30.45561,0.2943975,0.2300456,31512,21/12/2020 0:33:02,
32.09662,0.3231226,0.2917431,31512,21/12/2020 0:33:03,
33.71739,0.2875495,1.723166,31512,21/12/2020 0:33:04,
34.40353,0.346208,2.253151,31512,21/12/2020 0:33:05,
30.62907,0.5939847,8.386739,31512,21/12/2020 0:33:06,
29.08777,0.5674677,10.38539,31512,21/12/2020 0:33:07,
27.79584,0.3819492,11.48231,31512,21/12/2020 0:33:08,
30.59558,0.6272428,7.225809,31512,21/12/2020 0:33:09,
30.70105,0.2928199,-0.2848987,31512,21/12/2020 0:33:10,
28.84499,0.1477332,-6.353545,31512,21/12/2020 0:33:11,
24.86034,-0.03946143,-9.39048,31512,21/12/2020 0:33:12,
29.32043,0.1406115,-5.520477,31512,21/12/2020 0:33:13,
30.74065,0.2383798,1.878894,31512,21/12/2020 0:33:14,
30.82998,0.6977029,9.370716,31512,21/12/2020 0:33:15,
31.95016,2.313419,16.87674,31512,21/12/2020 0:33:16,
29.56883,0.1267222,19.33129,31512,21/12/2020 0:33:17,
26.2356,0.419778,17.6961,31512,21/12/2020 0:33:18,
20.79891,0.1931362,17.83587,31512,21/12/2020 0:33:19,
17.23385,2.659072,18.34045,31512,21/12/2020 0:33:20,
15.44574,1.92012,19.1569,31512,21/12/2020 0:33:21,
20.18168,0.3168185,20.4312,31512,21/12/2020 0:33:22,
26.2338,0.3761778,16.60885,31512,21/12/2020 0:33:23,
30.90117,0.6556112,11.25662,31512,21/12/2020 0:33:24,
35.69624,0.5120505,5.726901,31512,21/12/2020 0:33:25,
41.50145,2.645959,0.6431231,31512,21/12/2020 0:33:26,
47.25142,0.5809156,-1.166406,31512,21/12/2020 0:33:27,
54.62972,0.326334,-0.9887493,31512,21/12/2020 0:33:28,
62.15453,0.3555653,-0.7575032,31512,21/12/2020 0:33:29,
68.14902,2.900242,-1.98499,31512,21/12/2020 0:33:30,
72.24601,3.915402,-3.612435,31512,21/12/2020 0:33:31,
71.12487,3.982685,3.556125,31512,21/12/2020 0:33:32,
71.08983,3.982685,8.857416,31512,21/12/2020 0:33:33,
70.63977,3.982686,6.587087,31512,21/12/2020 0:33:34,
71.62749,3.982685,6.56242,31512,21/12/2020 0:33:35,
71.62749,3.982685,6.56242,31512,21/12/2020 0:33:36,
71.62749,3.982685,6.56242,31512,21/12/2020 0:33:37,
71.62749,3.982685,6.56242,31512,21/12/2020 0:33:38,
75.75646,5.494686,6.864386,31512,21/12/2020 0:33:39,
73.70052,4,6.87095,31512,21/12/2020 0:33:40,
76.60031,4,6.87095,31512,21/12/2020 0:33:41,
79.61079,5.528,6.878824,31512,21/12/2020 0:33:42,
82.34898,6.902685,6.921385,31512,21/12/2020 0:33:43,
90.34822,5.094686,7.030991,31512,21/12/2020 0:33:44,
92.0209,3.980868,7.199794,31512,21/12/2020 0:33:45,
87.36757,4.839009,6.799442,31512,21/12/2020 0:33:46,
82.31092,5.829525,6.488934,31512,21/12/2020 0:33:47,
80.80878,5.982686,6.379115,31512,21/12/2020 0:33:48,
72.8626,6.894686,5.79818,31512,21/12/2020 0:33:49,
66.79165,0.4675013,4.144497,31512,21/12/2020 0:33:50,
61.51233,0.4332268,0.2904216,31512,21/12/2020 0:33:51,
56.36839,0.3328642,-5.226711,31512,21/12/2020 0:33:52,
54.23605,0.03716701,-12.20869,31512,21/12/2020 0:33:53,
54.28395,-0.01731431,-19.7755,31512,21/12/2020 0:33:54,
53.57831,2.443963,-25.66177,31512,21/12/2020 0:33:55,
58.5559,4.140674,-26.84669,31512,21/12/2020 0:33:56,
57.35853,3.982686,-31.23545,31512,21/12/2020 0:33:57,
57.60349,3.982685,-34.6268,31512,21/12/2020 0:33:58,
57.88244,3.982686,-36.29446,31512,21/12/2020 0:33:59,
56.96075,3.982686,-38.14871,31512,21/12/2020 0:34:00,
56.29277,3.982686,-35.78226,31512,21/12/2020 0:34:01,
54.79092,3.982686,-36.633,31512,21/12/2020 0:34:02,
55.98049,3.982686,-35.4209,31512,21/12/2020 0:34:03,
55.21205,6.094686,-27.73121,31512,21/12/2020 0:34:04,
52.69005,0.2871264,-21.35498,31512,21/12/2020 0:34:05,
51.04189,0.225431,-14.95246,31512,21/12/2020 0:34:06,
57.34243,-0.01731431,-13.74884,31512,21/12/2020 0:34:07,
6,-0.02091116,-35,53907,21/12/2020 2:06:28,
6,-0.02091116,-35,53907,21/12/2020 2:06:28,
6,-0.02091116,-35,53907,21/12/2020 2:06:29,
6,-0.02091116,-35,53907,21/12/2020 2:06:29,
6,-0.02091116,-35,53907,21/12/2020 2:06:29,
6,-0.02091116,-35,53907,21/12/2020 2:06:30,
6,-0.02091116,-35,53907,21/12/2020 2:06:30,
6,-0.02091116,-35,53907,21/12/2020 2:06:30,
5.919774,-0.02097386,-35.02247,53907,21/12/2020 2:06:30,
4.491177,-0.02196455,-34.92667,53907,21/12/2020 2:06:31,
2.253724,-0.02345943,-34.55369,53907,21/12/2020 2:06:31,
0.06550986,-0.0251047,-34.90924,53907,21/12/2020 2:06:31,
-2.157808,-0.02656496,-34.43969,53907,21/12/2020 2:06:32,
-4.229996,-0.02784085,-33.66744,53907,21/12/2020 2:06:32,
-4.189276,-0.02725089,-31.46295,53907,21/12/2020 2:06:32,
-3.190986,-0.02602255,-29.4234,53907,21/12/2020 2:06:33,
-2.307207,-0.02486134,-27.32837,53907,21/12/2020 2:06:33,
-1.701151,-0.0238744,-25.14204,53907,21/12/2020 2:06:33,
-2.57719,-0.02397496,-23.09138,53907,21/12/2020 2:06:33,
-4.322292,-0.02488303,-21.78706,53907,21/12/2020 2:06:34,
-6.588247,-0.02648288,-21.74684,53907,21/12/2020 2:06:34,
-8.695625,-0.02787638,-21.33908,53907,21/12/2020 2:06:34,
-10.41991,-0.02872419,-19.85592,53907,21/12/2020 2:06:35,
-10.75205,-0.02839321,-17.62794,53907,21/12/2020 2:06:35,
-11.18565,-0.02814007,-15.42282,53907,21/12/2020 2:06:35,
-13.01929,0.5396683,-14.92896,53907,21/12/2020 2:06:36,
-14.86141,0.9826858,-14.51833,53907,21/12/2020 2:06:36,
-14.55906,0.9826858,-12.54212,53907,21/12/2020 2:06:36,
-12.97549,0.5179434,-11.43946,53907,21/12/2020 2:06:36,
-10.99024,-0.02692819,-11.20626,53907,21/12/2020 2:06:37,
-9.171784,-0.02534592,-10.06578,53907,21/12/2020 2:06:37,
-7.74757,-0.02388823,-8.31419,53907,21/12/2020 2:06:37,
-6.960313,-0.02308732,-7.365177,53907,21/12/2020 2:06:38,
-4.939153,-0.02167302,-7.451205,53907,21/12/2020 2:06:38,
-2.88868,-0.02045625,-8.394525,53907,21/12/2020 2:06:38,
-1.057976,-0.01887506,-7.292553,53907,21/12/2020 2:06:39,
1.099111,-0.01716512,-6.595995,53907,21/12/2020 2:06:39,
3.188773,-0.01551074,-5.929812,53907,21/12/2020 2:06:39,
3.731321,-0.01508129,-5.756849,53907,21/12/2020 2:06:39,
3.731321,-0.01508129,-5.756849,53907,21/12/2020 2:06:40,
3.731321,-0.01508129,-5.756849,53907,21/12/2020 2:06:40,
3.731321,-0.01508129,-5.756849,53907,21/12/2020 2:06:40,
3.731321,-0.01508129,-5.756849,53907,21/12/2020 2:06:41,
3.731321,-0.01508129,-5.756849,53907,21/12/2020 2:06:41,
3.731321,-0.01508129,-5.756849,53907,21/12/2020 2:06:41,
3.731321,-0.01508129,-5.756849,53907,21/12/2020 2:06:42,
3.731321,-0.01508129,-5.756849,53907,21/12/2020 2:06:42,
3.731321,-0.01508129,-5.756849,53907,21/12/2020 2:06:42,
3.731321,-0.01508129,-5.756849,53907,21/12/2020 2:06:42,
3.684838,-0.01514035,-5.859489,53907,21/12/2020 2:06:43,
3.443968,-0.01533997,-5.97114,53907,21/12/2020 2:06:43,
3.443968,-0.01533997,-5.97114,53907,21/12/2020 2:06:43,
3.356277,-0.01533538,-5.708447,53907,21/12/2020 2:06:44,
3.356277,-0.01533538,-5.708447,53907,21/12/2020 2:06:44,
3.777634,-0.015001,-5.570884,53907,21/12/2020 2:06:44,
4.037711,-0.01479477,-5.486676,53907,21/12/2020 2:06:45,
4.065449,-0.01477277,-5.477695,53907,21/12/2020 2:06:45,
4.065449,-0.01477277,-5.477695,53907,21/12/2020 2:06:45,
3.336121,-0.01517886,-5.03699,53907,21/12/2020 2:06:45,
3.529646,-0.0145182,-2.981218,53907,21/12/2020 2:06:46,
5.324775,-0.01293838,-1.785599,53907,21/12/2020 2:06:46,
7.021355,-0.01139784,-0.468763,53907,21/12/2020 2:06:46,
8.594811,-0.00993371,0.8912433,53907,21/12/2020 2:06:47,
9.395441,-0.009340584,0.9866792,53907,21/12/2020 2:06:47,
9.395441,-0.009340584,0.9866792,53907,21/12/2020 2:06:47,
10.41497,0.03899992,1.076118,53907,21/12/2020 2:06:48,
10.56148,0.03899986,1.088966,53907,21/12/2020 2:06:48,
10.56148,0.03899986,1.088966,53907,21/12/2020 2:06:48,
10.56148,0.03899986,1.088966,53907,21/12/2020 2:06:48,
10.56148,0.03899986,1.088966,53907,21/12/2020 2:06:49,
10.68415,0.03899997,1.094115,53907,21/12/2020 2:06:49,
12.47427,-0.009805322,1.169254,53907,21/12/2020 2:06:49,
14.73742,-0.01731437,1.26425,53907,21/12/2020 2:06:50,
16.98112,-0.01731437,1.148819,53907,21/12/2020 2:06:50,
19.03892,-0.01731431,0.53882,53907,21/12/2020 2:06:50,
21.31701,-0.01731431,0.6225819,53907,21/12/2020 2:06:51,
23.58455,-0.01731431,0.7193451,53907,21/12/2020 2:06:51,
25.85225,0.0397079,0.8759278,53907,21/12/2020 2:06:51,
28.11902,0.08990872,1.002609,53907,21/12/2020 2:06:51,
28.58644,0.1202341,1.027884,53907,21/12/2020 2:06:52,
29.64444,0.2025255,1.085768,53907,21/12/2020 2:06:52,
30.11143,0.2441189,1.112988,53907,21/12/2020 2:06:52,
30.38195,0.256725,1.117722,53907,21/12/2020 2:06:53,
29.84611,0.2532297,0.4850937,53907,21/12/2020 2:06:53,
29.84611,0.2532297,0.4850937,53907,21/12/2020 2:06:53,
29.59245,0.2247387,0.4837811,53907,21/12/2020 2:06:54,
29.41429,0.2065376,0.4440372,53907,21/12/2020 2:06:54,
29.41429,0.2065376,0.4440372,53907,21/12/2020 2:06:54,
29.41204,0.2248377,0.04609469,53907,21/12/2020 2:06:54,
29.72902,0.2670275,-0.2745226,53907,21/12/2020 2:06:55,
31.33829,0.2894579,-1.886419,53907,21/12/2020 2:06:55,
33.26117,0.412598,-2.569764,53907,21/12/2020 2:06:55,
33.83042,0.4380692,-2.566813,53907,21/12/2020 2:06:56,
33.83042,0.4380692,-2.566813,53907,21/12/2020 2:06:56,
32.94892,0.3855689,-2.372412,53907,21/12/2020 2:06:56,
31.70442,0.3109281,-1.79431,53907,21/12/2020 2:06:57,
31.70442,0.310928,-1.79431,53907,21/12/2020 2:06:57,
31.70442,0.310928,-1.79431,53907,21/12/2020 2:06:57,
31.70728,0.311134,-1.761602,53907,21/12/2020 2:06:57,
33.074,0.3455831,-1.116476,53907,21/12/2020 2:06:58,
34.5066,0.4030523,0.4811127,53907,21/12/2020 2:06:58,
34.85373,0.4221519,2.669496,53907,21/12/2020 2:06:58,
35.44574,0.5180784,3.139255,53907,21/12/2020 2:06:59,
35.52941,0.527276,3.119611,53907,21/12/2020 2:06:59,
35.64004,0.5394372,3.093636,53907,21/12/2020 2:06:59,
35.81398,0.5026942,1.604654,53907,21/12/2020 2:07:00,
36.34266,0.5667092,-0.5015651,53907,21/12/2020 2:07:00,
36.98275,0.709989,-1.163167,53907,21/12/2020 2:07:00,
36.98275,0.7099891,-1.163167,53907,21/12/2020 2:07:00,
35.98576,0.5801896,-1.108539,53907,21/12/2020 2:07:01,
34.23984,0.3761982,0.002168313,53907,21/12/2020 2:07:01,
33.26747,0.2871581,2.052196,53907,21/12/2020 2:07:01,
32.36664,0.3604802,4.13762,53907,21/12/2020 2:07:02,
31.47036,0.6417694,6.184148,53907,21/12/2020 2:07:02,
30.46642,0.5758972,8.214355,53907,21/12/2020 2:07:02,
29.2717,0.66785,10.08917,53907,21/12/2020 2:07:03,
29.03213,0.5407108,10.45311,53907,21/12/2020 2:07:03,
28.44604,0.4130309,11.29858,53907,21/12/2020 2:07:03,
28.17037,0.4193012,11.68286,53907,21/12/2020 2:07:03,
27.75941,0.368721,12.26298,53907,21/12/2020 2:07:04,
27.62592,0.3340887,12.4513,53907,21/12/2020 2:07:04,
27.62592,0.3340887,12.4513,53907,21/12/2020 2:07:04,
27.62592,0.3340887,12.4513,53907,21/12/2020 2:07:05,
27.62592,0.3340887,12.4513,53907,21/12/2020 2:07:05,
27.62592,0.3340887,12.4513,53907,21/12/2020 2:07:05,
27.62592,0.3340887,12.4513,53907,21/12/2020 2:07:06,
27.62592,0.3340887,12.4513,53907,21/12/2020 2:07:06,
27.62592,0.3340887,12.4513,53907,21/12/2020 2:07:06,
27.10279,0.2326403,12.92353,53907,21/12/2020 2:07:06,
25.43489,0.5726401,14.28324,53907,21/12/2020 2:07:07,
24.84006,0.4722763,16.38635,53907,21/12/2020 2:07:07,
24.01193,0.4459103,18.37145,53907,21/12/2020 2:07:07,
22.34459,0.1290154,19.75366,53907,21/12/2020 2:07:08,
21.85389,0.04296762,21.92113,53907,21/12/2020 2:07:08,
21.04892,0.2667034,22.94315,53907,21/12/2020 2:07:08,
21.03558,0.2700464,23.02027,53907,21/12/2020 2:07:09,
21.00579,0.2753035,23.18281,53907,21/12/2020 2:07:09,
21.00579,0.2753035,23.18281,53907,21/12/2020 2:07:09,
21.00579,0.2753035,23.18281,53907,21/12/2020 2:07:09,
21.00579,0.2753035,23.18281,53907,21/12/2020 2:07:10,
21.00579,0.2753035,23.18281,53907,21/12/2020 2:07:10,
21.00579,0.2753035,23.18281,53907,21/12/2020 2:07:10,
20.4144,0.3552337,22.56845,53907,21/12/2020 2:07:11,
18.27652,0.4720339,22.28935,53907,21/12/2020 2:07:11,
17.88972,0.4511299,22.53974,53907,21/12/2020 2:07:11,
17.65901,0.4024134,23.22065,53907,21/12/2020 2:07:12,
17.65901,0.4024132,23.22065,53907,21/12/2020 2:07:12,
17.73899,0.4087588,23.24492,53907,21/12/2020 2:07:12,
18.69429,0.4572444,22.22793,53907,21/12/2020 2:07:12,
20.11625,0.4031398,23.45446,53907,21/12/2020 2:07:13,
19.31419,0.6604881,25.47711,53907,21/12/2020 2:07:13,
21.18805,0.8697501,26.14944,53907,21/12/2020 2:07:13,
23.12279,0.7816243,25.80096,53907,21/12/2020 2:07:14,
23.12279,0.7816241,25.80096,53907,21/12/2020 2:07:14,
22.60506,0.2495091,24.27497,53907,21/12/2020 2:07:14,
22.64064,0.09948659,22.238,53907,21/12/2020 2:07:15,
23.9719,0.2353253,20.42312,53907,21/12/2020 2:07:15,
25.45278,0.3558363,18.72136,53907,21/12/2020 2:07:15,
25.66175,0.3905488,18.48478,53907,21/12/2020 2:07:15,
26.54437,0.2687762,19.19332,53907,21/12/2020 2:07:16,
27.23748,0.2102222,21.12277,53907,21/12/2020 2:07:16,
28.74033,0.1102475,19.92486,53907,21/12/2020 2:07:16,
30.54269,0.2362994,18.69624,53907,21/12/2020 2:07:17,
32.15499,0.4467148,19.95863,53907,21/12/2020 2:07:17,
32.19816,0.3905656,21.1899,53907,21/12/2020 2:07:17,
32.19816,0.3905656,21.1899,53907,21/12/2020 2:07:18,
32.19816,0.3905656,21.1899,53907,21/12/2020 2:07:18,
31.97867,0.3698236,21.25413,53907,21/12/2020 2:07:18,
30.01652,0.1936136,21.26166,53907,21/12/2020 2:07:18,
27.75332,0.2177869,21.23028,53907,21/12/2020 2:07:19,
25.94467,0.1396635,20.0047,53907,21/12/2020 2:07:19,
23.71754,0.187793,19.74641,53907,21/12/2020 2:07:19,
21.45792,0.1872816,19.58329,53907,21/12/2020 2:07:20,
19.23429,0.4877111,19.42192,53907,21/12/2020 2:07:20,
17.61122,0.8531133,19.26101,53907,21/12/2020 2:07:20,
17.48873,0.8660197,19.25126,53907,21/12/2020 2:07:21,
17.48873,0.8660197,19.25126,53907,21/12/2020 2:07:21,
17.24099,0.8727953,19.22173,53907,21/12/2020 2:07:21,
17.24099,0.8750029,19.17373,53907,21/12/2020 2:07:21,
17.24099,0.8750029,19.17373,53907,21/12/2020 2:07:22,
17.24099,0.8750029,19.17373,53907,21/12/2020 2:07:22,
17.24099,0.8750029,19.17373,53907,21/12/2020 2:07:22,
17.24099,0.8752296,19.15658,53907,21/12/2020 2:07:23,
17.24099,0.8752296,19.15658,53907,21/12/2020 2:07:23,
17.24099,0.8752296,19.15658,53907,21/12/2020 2:07:23,
17.78539,0.8675325,19.52749,53907,21/12/2020 2:07:24,
19.63855,0.4503918,20.18442,53907,21/12/2020 2:07:24,
20.86123,0.2453562,19.51762,53907,21/12/2020 2:07:24,
22.77102,0.1425102,18.36051,53907,21/12/2020 2:07:24,
24.63095,0.4895089,17.27468,53907,21/12/2020 2:07:25,
26.58749,0.3809823,17.98294,53907,21/12/2020 2:07:25,
27.64831,0.1479715,19.93741,53907,21/12/2020 2:07:25,
29.39406,0.1279516,19.21567,53907,21/12/2020 2:07:26,
29.57925,0.3187588,17.00101,53907,21/12/2020 2:07:26,
29.76213,0.1953182,14.75631,53907,21/12/2020 2:07:26,
30.24683,0.4908954,12.63559,53907,21/12/2020 2:07:27,
31.84018,0.6409019,11.04574,53907,21/12/2020 2:07:27,
32.35135,0.6870619,8.990714,53907,21/12/2020 2:07:27,
31.82148,0.6861292,6.786458,53907,21/12/2020 2:07:27,
32.46449,0.428116,4.742144,53907,21/12/2020 2:07:28,
32.07192,0.3084954,2.576001,53907,21/12/2020 2:07:28,
31.72075,0.3160784,0.412709,53907,21/12/2020 2:07:28,
32.17675,0.3295753,-1.78477,53907,21/12/2020 2:07:29,
31.56911,0.4638048,-3.954151,53907,21/12/2020 2:07:29,
30.69192,0.2491431,-6.02106,53907,21/12/2020 2:07:29,
28.74746,0.1653785,-6.934134,53907,21/12/2020 2:07:30,
28.10073,0.1416968,-7.044947,53907,21/12/2020 2:07:30,
27.8711,0.1233072,-7.08459,53907,21/12/2020 2:07:30,
26.60393,0.006390631,-7.301987,53907,21/12/2020 2:07:30,
24.37052,0.08945018,-7.67714,53907,21/12/2020 2:07:31,
22.1341,0.2139083,-8.038306,53907,21/12/2020 2:07:31,
19.94464,0.5712726,-8.3498,53907,21/12/2020 2:07:31,
17.88283,0.57921,-8.521648,53907,21/12/2020 2:07:32,
17.84947,0.5716859,-8.50206,53907,21/12/2020 2:07:32,
17.8038,0.5263114,-8.297373,53907,21/12/2020 2:07:32,
17.85618,0.4847072,-8.057234,53907,21/12/2020 2:07:33,
19.7771,0.4598813,-7.746152,53907,21/12/2020 2:07:33,
21.9985,0.1785113,-7.841184,53907,21/12/2020 2:07:33,
24.27454,0.09504479,-7.923088,53907,21/12/2020 2:07:33,
26.5204,0.0165087,-7.998362,53907,21/12/2020 2:07:34,
27.45604,0.113216,-8.027223,53907,21/12/2020 2:07:34,
27.45604,0.1132163,-8.027223,53907,21/12/2020 2:07:34,
28.66713,0.1755024,-7.295139,53907,21/12/2020 2:07:35,
30.60702,0.2427896,-6.124758,53907,21/12/2020 2:07:35,
31.80513,0.5117607,-4.266107,53907,21/12/2020 2:07:35,
32.16534,0.351099,-2.17645,53907,21/12/2020 2:07:36,
31.24134,0.3077143,-0.1797862,53907,21/12/2020 2:07:36,
30.79477,0.2365874,2.045846,53907,21/12/2020 2:07:36,
30.47046,0.2871087,4.290913,53907,21/12/2020 2:07:36,
30.14248,0.6010084,6.485095,53907,21/12/2020 2:07:37,
29.80017,0.6206217,8.707938,53907,21/12/2020 2:07:37,
28.55277,0.4319304,10.29839,53907,21/12/2020 2:07:37,
26.42574,0.2412325,10.98063,53907,21/12/2020 2:07:38,
24.58467,0.3831486,12.08999,53907,21/12/2020 2:07:38,
24.09921,0.6554493,14.14882,53907,21/12/2020 2:07:38,
24.29221,0.5017507,16.36854,53907,21/12/2020 2:07:39,
22.71461,0.2486597,17.61861,53907,21/12/2020 2:07:39,
20.56586,0.2371049,17.97927,53907,21/12/2020 2:07:39,
18.38859,0.5910774,18.37925,53907,21/12/2020 2:07:39,
17.24099,0.8248211,18.71273,53907,21/12/2020 2:07:40,
17.24099,0.8296909,18.75027,53907,21/12/2020 2:07:40,
17.24099,0.8296909,18.75027,53907,21/12/2020 2:07:40,
17.24099,0.8296909,18.75027,53907,21/12/2020 2:07:41,
17.24099,0.8296909,18.75027,53907,21/12/2020 2:07:41,
17.24099,0.8296909,18.75027,53907,21/12/2020 2:07:41,
17.24099,0.8296909,18.75027,53907,21/12/2020 2:07:42,
17.07673,0.8537129,18.78896,53907,21/12/2020 2:07:42,
16.16097,0.7945658,19.21848,53907,21/12/2020 2:07:42,
16.15765,0.7853813,19.38524,53907,21/12/2020 2:07:42,
16.15765,0.7853813,19.38524,53907,21/12/2020 2:07:43,
16.15895,0.7864405,19.36726,53907,21/12/2020 2:07:43,
17.50031,0.8787982,19.46065,53907,21/12/2020 2:07:43,
19.48523,0.4087102,19.12287,53907,21/12/2020 2:07:44,
21.51017,0.09085894,18.20394,53907,21/12/2020 2:07:44,
23.52484,0.4580123,17.55499,53907,21/12/2020 2:07:44,
25.62828,0.4351295,16.74297,53907,21/12/2020 2:07:45,
27.79107,0.4425821,16.11504,53907,21/12/2020 2:07:45,
29.86557,0.2209454,16.53904,53907,21/12/2020 2:07:45,
31.55531,0.3720704,18.04021,53907,21/12/2020 2:07:45,
33.24619,0.3537791,19.53649,53907,21/12/2020 2:07:46,
33.98772,0.2392334,20.1898,53907,21/12/2020 2:07:46,
34.93927,0.4884642,21.00928,53907,21/12/2020 2:07:46,
36.4162,0.7174461,22.31692,53907,21/12/2020 2:07:47,
38.09216,0.4665843,23.80551,53907,21/12/2020 2:07:47,
39.84657,0.659288,25.21852,53907,21/12/2020 2:07:47,
41.70105,0.7843608,26.51993,53907,21/12/2020 2:07:48,
43.48045,0.8983723,27.37365,53907,21/12/2020 2:07:48,
43.48045,0.8983722,27.37365,53907,21/12/2020 2:07:48,
45.17032,1.001261,28.0388,53907,21/12/2020 2:07:48,
47.28817,0.9808147,28.84356,53907,21/12/2020 2:07:49,
49.44072,0.9086974,29.39165,53907,21/12/2020 2:07:49,
50.1,0.8322558,29.52043,53907,21/12/2020 2:07:49,
50.11306,0.8318518,29.52222,53907,21/12/2020 2:07:50,
51.58384,0.8040544,29.61028,53907,21/12/2020 2:07:50,
53.84676,0.9338568,29.63425,53907,21/12/2020 2:07:50,
56.21364,1.060543,29.72142,53907,21/12/2020 2:07:51,
57.67897,0.6708261,29.76723,53907,21/12/2020 2:07:51,
57.76212,0.6714752,29.77091,53907,21/12/2020 2:07:51,
57.76212,0.6714752,29.77091,53907,21/12/2020 2:07:51,
57.92422,1.241004,29.74413,53907,21/12/2020 2:07:52,
57.94228,1.47444,29.69295,53907,21/12/2020 2:07:52,
58.7862,0.4924104,29.82245,53907,21/12/2020 2:07:52,
59.96858,0.6806245,29.82836,53907,21/12/2020 2:07:53,
60.13503,0.6765401,29.79964,53907,21/12/2020 2:07:53,
60.21253,0.6741819,29.78627,53907,21/12/2020 2:07:53,
61.95807,0.80817,29.63138,53907,21/12/2020 2:07:54,
64.30914,0.5158749,29.6016,53907,21/12/2020 2:07:54,
65.45534,0.2975839,29.58117,53907,21/12/2020 2:07:54,
65.62318,0.2983927,29.57746,53907,21/12/2020 2:07:54,
65.73616,0.321848,29.53547,53907,21/12/2020 2:07:55,
66.73207,0.5564719,28.26689,53907,21/12/2020 2:07:55,
66.73207,0.5564702,28.26689,53907,21/12/2020 2:07:55,
66.8104,0.5745915,28.25519,53907,21/12/2020 2:07:56,
67.09707,0.6549387,28.19794,53907,21/12/2020 2:07:56,
67.09707,0.6549387,28.19794,53907,21/12/2020 2:07:56,
67.09707,0.6549387,28.19794,53907,21/12/2020 2:07:57,
67.1442,0.6706486,28.19776,53907,21/12/2020 2:07:57,
68.09887,1.159972,29.09222,53907,21/12/2020 2:07:57,
69.67896,1.144768,29.62799,53907,21/12/2020 2:07:57,
69.56348,1.093031,28.02784,53907,21/12/2020 2:07:58,
68.97519,0.6788055,26.05933,53907,21/12/2020 2:07:58,
69.20461,0.2056879,23.95607,53907,21/12/2020 2:07:58,
68.23277,0.5038011,21.98353,53907,21/12/2020 2:07:59,
68.36623,0.3729165,21.0926,53907,21/12/2020 2:07:59,
68.37983,0.3603078,21.00869,53907,21/12/2020 2:07:59,
68.37983,0.3603078,21.00869,53907,21/12/2020 2:08:00,
68.50851,0.247152,19.82461,53907,21/12/2020 2:08:00,
68.9356,0.1584285,17.60505,53907,21/12/2020 2:08:00,
69.07156,0.2652913,15.40659,53907,21/12/2020 2:08:00,
67.39266,0.5208718,14.02454,53907,21/12/2020 2:08:01,
66.25632,0.5688336,12.05969,53907,21/12/2020 2:08:01,
65.11274,0.2265532,10.15551,53907,21/12/2020 2:08:01,
63.81042,0.1878507,8.533265,53907,21/12/2020 2:08:02,
63.783,0.1916442,8.504414,53907,21/12/2020 2:08:02,
62.38249,0.3534839,7.6216,53907,21/12/2020 2:08:02,
61.41856,0.3873816,7.177654,53907,21/12/2020 2:08:03,
61.38633,0.3872768,7.186532,53907,21/12/2020 2:08:03,
61.27551,0.3869168,7.217052,53907,21/12/2020 2:08:03,
61.66039,0.3683102,8.20678,53907,21/12/2020 2:08:03,
63.54133,0.232899,7.512071,53907,21/12/2020 2:08:04,
64.28102,0.3792125,5.378214,53907,21/12/2020 2:08:04,
65.00941,0.4462893,3.255199,53907,21/12/2020 2:08:04,
65.3284,0.4845477,1.096843,53907,21/12/2020 2:08:05,
64.8573,0.6328956,-1.001384,53907,21/12/2020 2:08:05,
65.29038,0.7560928,-3.157359,53907,21/12/2020 2:08:05,
63.34522,0.8362921,-4.183759,53907,21/12/2020 2:08:06,
62.62183,0.3506138,-4.433019,53907,21/12/2020 2:08:06,
62.48094,0.3695453,-4.085739,53907,21/12/2020 2:08:06,
61.86155,0.3542789,-2.306938,53907,21/12/2020 2:08:06,
59.90714,0.4874394,-1.930117,53907,21/12/2020 2:08:07,
57.71265,0.4345728,-2.432672,53907,21/12/2020 2:08:07,
55.65308,0.3396358,-1.556,53907,21/12/2020 2:08:07,
53.70104,0.2254828,-1.8233,53907,21/12/2020 2:08:08,
51.66032,0.1572461,-1.415573,53907,21/12/2020 2:08:08,
49.88746,0.26256,-2.02656,53907,21/12/2020 2:08:08,
50.49587,0.1675706,-4.175326,53907,21/12/2020 2:08:09,
51.25451,0.3898658,-6.285405,53907,21/12/2020 2:08:09,
51.82105,0.4645463,-8.48057,53907,21/12/2020 2:08:09,
52.26251,0.2245429,-10.67405,53907,21/12/2020 2:08:09,
50.96677,0.1260217,-12.3622,53907,21/12/2020 2:08:10,
49.28669,0.1437576,-13.8808,53907,21/12/2020 2:08:10,
47.60624,0.3772961,-15.38629,53907,21/12/2020 2:08:10,
47.26408,0.4630694,-15.68801,53907,21/12/2020 2:08:11,
46.2414,0.650412,-15.5894,53907,21/12/2020 2:08:11,
44.89072,0.6735337,-17.04653,53907,21/12/2020 2:08:12,
45.80523,0.6494831,-17.77459,53907,21/12/2020 2:08:12,
45.80523,0.6494831,-17.77459,53907,21/12/2020 2:08:12,
45.80523,0.6494831,-17.77459,53907,21/12/2020 2:08:13,
45.8746,0.6488483,-17.797,53907,21/12/2020 2:08:13,
45.8746,0.6488483,-17.797,53907,21/12/2020 2:08:13,
45.41209,0.5613712,-18.74814,53907,21/12/2020 2:08:13,
43.43122,0.541049,-19.06196,53907,21/12/2020 2:08:14,
42.61512,0.5010389,-17.93284,53907,21/12/2020 2:08:14,
41.75815,0.454231,-19.25079,53907,21/12/2020 2:08:14,
41.57913,0.4535123,-19.68385,53907,21/12/2020 2:08:15,
41.51463,0.4532535,-19.83987,53907,21/12/2020 2:08:15,
41.51463,0.4532534,-19.83987,53907,21/12/2020 2:08:15,
40.09333,0.4350426,-20.59419,53907,21/12/2020 2:08:16,
38.77274,0.5016201,-19.02946,53907,21/12/2020 2:08:16,
39.14009,0.55295,-17.70411,53907,21/12/2020 2:08:16,
39.48429,0.5168605,-17.42709,53907,21/12/2020 2:08:16,
39.25893,0.4778879,-19.15582,53907,21/12/2020 2:08:17,
39.20762,0.4642998,-19.32305,53907,21/12/2020 2:08:17,
39.27599,0.4477531,-19.49303,53907,21/12/2020 2:08:17,
39.94261,0.4187694,-19.65004,53907,21/12/2020 2:08:18,
39.94261,0.4187694,-19.65004,53907,21/12/2020 2:08:18,
40.30061,0.4033799,-19.6284,53907,21/12/2020 2:08:18,
42.21748,0.4933839,-19.6157,53907,21/12/2020 2:08:19,
44.47924,0.4697926,-19.60033,53907,21/12/2020 2:08:19,
46.73048,0.3560872,-19.69499,53907,21/12/2020 2:08:19,
46.93781,0.3007265,-21.66348,53907,21/12/2020 2:08:19,
47.37431,0.258514,-23.68149,53907,21/12/2020 2:08:20,
48.79803,0.2869128,-25.37628,53907,21/12/2020 2:08:20,
50.386,0.05504602,-26.9226,53907,21/12/2020 2:08:20,
52.03051,1.336662,-26.70226,53907,21/12/2020 2:08:21,
53.39315,2.42677,-26.4966,53907,21/12/2020 2:08:21,
54.42225,3.250049,-28.00979,53907,21/12/2020 2:08:21,
55.25233,3.914102,-29.45368,53907,21/12/2020 2:08:22,
55.25233,3.914101,-29.45368,53907,21/12/2020 2:08:22,
55.36596,3.976873,-29.79962,53907,21/12/2020 2:08:22,
55.45694,3.994734,-30.04828,53907,21/12/2020 2:08:22,
55.45694,3.994734,-30.04828,53907,21/12/2020 2:08:23,
56.42128,3.982686,-31.77444,53907,21/12/2020 2:08:23,
57.30137,3.982686,-33.34979,53907,21/12/2020 2:08:23,
57.32095,3.982686,-33.38485,53907,21/12/2020 2:08:24,
56.81029,3.982686,-33.70082,53907,21/12/2020 2:08:24,
56.51772,3.982685,-34.5764,53907,21/12/2020 2:08:24,
56.64996,3.982686,-34.78386,53907,21/12/2020 2:08:25,
56.8247,3.982686,-35.05785,53907,21/12/2020 2:08:25,
57.21925,3.982686,-35.66282,53907,21/12/2020 2:08:25,
56.96473,3.982686,-35.82883,53907,21/12/2020 2:08:25,
55.44592,3.982686,-37.39612,53907,21/12/2020 2:08:26,
57.04987,3.982686,-38.57629,53907,21/12/2020 2:08:26,
57.3502,3.982685,-38.47536,53907,21/12/2020 2:08:26,
57.35904,3.982686,-38.46514,53907,21/12/2020 2:08:27,
57.42307,3.982685,-38.28895,53907,21/12/2020 2:08:27,
57.17302,3.982685,-37.81044,53907,21/12/2020 2:08:27,
57.17033,4.320754,-37.43356,53907,21/12/2020 2:08:28,
56.86255,3.982686,-36.29594,53907,21/12/2020 2:08:28,
57.02094,3.982686,-34.02866,53907,21/12/2020 2:08:28,
56.91,3.982686,-32.1231,53907,21/12/2020 2:08:28,
56.88491,3.982686,-31.88841,53907,21/12/2020 2:08:29,
56.71283,3.982686,-31.96168,53907,21/12/2020 2:08:29,
55.95634,3.982686,-33.87037,53907,21/12/2020 2:08:29,
57.14697,3.982686,-35.66917,53907,21/12/2020 2:08:30,
57.72384,3.982686,-37.16363,53907,21/12/2020 2:08:30,
57.90014,3.982685,-38.26662,53907,21/12/2020 2:08:30,
57.9232,3.982686,-36.94457,53907,21/12/2020 2:08:31,
58.46951,3.982686,-34.74339,53907,21/12/2020 2:08:31,
57.18072,3.982686,-32.95354,53907,21/12/2020 2:08:31,
56.65208,3.982685,-30.84146,53907,21/12/2020 2:08:31,
56.60971,4,-28.59733,53907,21/12/2020 2:08:32,
56.02523,4,-26.40376,53907,21/12/2020 2:08:32,
55.86512,2.87223,-25.48391,53907,21/12/2020 2:08:32,
55.86512,1.491328,-25.48391,53907,21/12/2020 2:08:33,
56.02354,1.532049,-25.45062,53907,21/12/2020 2:08:33,
56.91162,1.775632,-24.48068,53907,21/12/2020 2:08:33,
55.78429,0.3658665,-23.11453,53907,21/12/2020 2:08:34,
55.34083,0.3586818,-22.18337,53907,21/12/2020 2:08:34,
55.31518,0.1555352,-20.62612,53907,21/12/2020 2:08:34,
55.36898,-0.01731431,-18.39474,53907,21/12/2020 2:08:34,
55.37828,0.008716881,-16.12954,53907,21/12/2020 2:08:35,
55.39581,0.02862823,-13.84986,53907,21/12/2020 2:08:35,
54.80501,0.01277399,-11.78586,53907,21/12/2020 2:08:35,
53.51961,0.09913814,-9.927314,53907,21/12/2020 2:08:36,
52.98241,0.3022178,-7.753331,53907,21/12/2020 2:08:36,
53.52249,0.3288534,-5.586565,53907,21/12/2020 2:08:36,
54.94794,0.3903784,-3.967427,53907,21/12/2020 2:08:37,
57.12686,0.3958648,-3.328433,53907,21/12/2020 2:08:37,
59.28503,0.395366,-2.668525,53907,21/12/2020 2:08:37,
60.92815,0.4276848,-1.131221,53907,21/12/2020 2:08:37,
62.848,0.3428504,0.06834173,53907,21/12/2020 2:08:38,
64.73134,0.4337277,1.329143,53907,21/12/2020 2:08:38,
66.76348,0.5127474,2.070699,53907,21/12/2020 2:08:38,
68.91447,0.4038881,1.398108,53907,21/12/2020 2:08:39,
69.53939,1.210858,0.126739,53907,21/12/2020 2:08:39,
69.11268,2.238606,-1.157946,53907,21/12/2020 2:08:39,
69.60907,3.30249,-2.487802,53907,21/12/2020 2:08:40,
69.30908,3.836405,-3.155196,53907,21/12/2020 2:08:40,
69.90366,4,-4.009179,53907,21/12/2020 2:08:40,
70.38794,4,-4.733659,53907,21/12/2020 2:08:40,
71.10619,3.982686,-3.310823,53907,21/12/2020 2:08:41,
70.64317,3.982686,-1.170229,53907,21/12/2020 2:08:41,
71.14571,3.982686,0.9753421,53907,21/12/2020 2:08:41,
71.14323,3.982686,3.10992,53907,21/12/2020 2:08:42,
70.48525,3.982686,5.258617,53907,21/12/2020 2:08:42,
71.03922,3.982685,6.615085,53907,21/12/2020 2:08:42,
71.05566,3.982685,6.654337,53907,21/12/2020 2:08:43,
71.05566,3.982685,6.654337,53907,21/12/2020 2:08:43,
70.62699,3.982686,6.761026,53907,21/12/2020 2:08:43,
70.42676,3.982685,6.79864,53907,21/12/2020 2:08:43,
70.42676,3.982685,6.79864,53907,21/12/2020 2:08:44,
70.42676,3.982685,6.79864,53907,21/12/2020 2:08:44,
70.42676,3.982685,6.79864,53907,21/12/2020 2:08:44,
70.42676,3.982685,6.79864,53907,21/12/2020 2:08:45,
70.42676,3.982685,6.79864,53907,21/12/2020 2:08:45,
70.42676,3.982685,6.79864,53907,21/12/2020 2:08:45,
70.42676,3.982685,6.79864,53907,21/12/2020 2:08:46,
70.42676,3.982685,6.79864,53907,21/12/2020 2:08:46,
70.42676,3.982685,6.79864,53907,21/12/2020 2:08:46,
70.42676,3.982685,6.79864,53907,21/12/2020 2:08:46,
70.42676,3.982685,6.79864,53907,21/12/2020 2:08:47,
70.90119,4.182686,6.852068,53907,21/12/2020 2:08:47,
73.17949,6.078686,6.764051,53907,21/12/2020 2:08:47,
74.91819,5.578687,6.69688,53907,21/12/2020 2:08:48,
74.90213,4,6.69302,53907,21/12/2020 2:08:48,
74.0322,4,6.69302,53907,21/12/2020 2:08:48,
73.82053,4,6.69302,53907,21/12/2020 2:08:49,
74.69048,4,6.69302,53907,21/12/2020 2:08:49,
75.56041,4,6.69302,53907,21/12/2020 2:08:49,
76.43034,4,6.69302,53907,21/12/2020 2:08:49,
77.30028,4,6.69302,53907,21/12/2020 2:08:50,
78.17022,4,6.69302,53907,21/12/2020 2:08:50,
78.96809,5.08,6.688067,53907,21/12/2020 2:08:50,
80.63945,6.336,6.641724,53907,21/12/2020 2:08:51,
81.82679,5.982686,6.609117,53907,21/12/2020 2:08:51,
81.82679,5.982685,6.609117,53907,21/12/2020 2:08:51,
81.82679,5.982685,6.609117,53907,21/12/2020 2:08:52,
82.22253,5.912328,6.598249,53907,21/12/2020 2:08:52,
84.16174,4,6.546588,53907,21/12/2020 2:08:52,
85.50156,4,6.533684,53907,21/12/2020 2:08:52,
86.37149,4,6.533686,53907,21/12/2020 2:08:53,
87.87373,5.512,6.506212,53907,21/12/2020 2:08:53,
90.24897,6.188,6.446161,53907,21/12/2020 2:08:53,
91.86845,4.808001,6.405223,53907,21/12/2020 2:08:54,
91.91843,3.980752,6.40396,53907,21/12/2020 2:08:54,
91.91843,3.980752,6.40396,53907,21/12/2020 2:08:54,
91.91843,3.980752,6.40396,53907,21/12/2020 2:08:55,
91.91843,3.980752,6.40396,53907,21/12/2020 2:08:55,
91.91843,3.980752,6.40396,53907,21/12/2020 2:08:55,
91.91843,3.980752,6.40396,53907,21/12/2020 2:08:55,
91.91843,3.980752,6.40396,53907,21/12/2020 2:08:56,
91.92491,3.980759,6.456098,53907,21/12/2020 2:08:56,
91.95103,3.980789,6.679233,53907,21/12/2020 2:08:56,
91.95103,3.980789,6.679233,53907,21/12/2020 2:08:57,
91.94866,3.980786,6.731719,53907,21/12/2020 2:08:57,
91.9427,3.980779,6.863889,53907,21/12/2020 2:08:57,
91.9427,3.980779,6.863889,53907,21/12/2020 2:08:58,
91.9427,3.980779,6.863889,53907,21/12/2020 2:08:58,
91.9427,3.980779,6.863889,53907,21/12/2020 2:08:58,
91.9427,3.980779,6.863889,53907,21/12/2020 2:08:58,
91.9427,3.980779,6.863889,53907,21/12/2020 2:08:59,
91.9427,3.980779,6.863889,53907,21/12/2020 2:08:59,
91.9427,3.980779,6.863889,53907,21/12/2020 2:08:59,
91.9427,3.980779,6.863889,53907,21/12/2020 2:09:00,
91.9427,3.980779,6.863889,53907,21/12/2020 2:09:00,
91.9427,3.980779,6.863889,53907,21/12/2020 2:09:00,
92.09901,3.980957,6.879281,53907,21/12/2020 2:09:01,
92.05798,3.98091,7.454809,53907,21/12/2020 2:09:01,
92.02911,3.980877,7.757627,53907,21/12/2020 2:09:01,
92.02911,3.980877,7.757627,53907,21/12/2020 2:09:01,
92.00012,3.980844,7.755438,53907,21/12/2020 2:09:02,
90.49593,5.616616,7.567017,53907,21/12/2020 2:09:02,
88.21973,6.072616,7.281885,53907,21/12/2020 2:09:02,
87.44577,4.512617,7.184935,53907,21/12/2020 2:09:03,
88.08372,4,7.184935,53907,21/12/2020 2:09:03,
88.86308,4,7.173589,53907,21/12/2020 2:09:03,
88.88565,4,7.149113,53907,21/12/2020 2:09:04,
88.01572,4,7.149113,53907,21/12/2020 2:09:04,
87.14578,4,7.149113,53907,21/12/2020 2:09:04,
86.27584,4,7.149111,53907,21/12/2020 2:09:04,
85.40591,4,7.149111,53907,21/12/2020 2:09:05,
84.53596,4,7.149111,53907,21/12/2020 2:09:05,
83.66603,4,7.149111,53907,21/12/2020 2:09:05,
82.6665,6.072,7.045698,53907,21/12/2020 2:09:06,
81.89255,6.156001,6.948748,53907,21/12/2020 2:09:06,
81.88177,5.982686,6.947398,53907,21/12/2020 2:09:06,
80.8193,5.982685,6.814306,53907,21/12/2020 2:09:07,
78.92427,4.958958,6.576923,53907,21/12/2020 2:09:07,
77.1881,4,6.417557,53907,21/12/2020 2:09:07,
76.28852,4,6.413845,53907,21/12/2020 2:09:07,
74.79512,4.2,6.335746,53907,21/12/2020 2:09:08,
72.52244,6.096,6.05832,53907,21/12/2020 2:09:08,
70.91646,5.596001,5.84566,53907,21/12/2020 2:09:08,
70.84475,3.982686,5.683262,53907,21/12/2020 2:09:09,
70.75397,3.982686,4.524057,53907,21/12/2020 2:09:09,
70.60091,3.982686,2.569518,53907,21/12/2020 2:09:09,
70.42339,3.982685,0.3026528,53907,21/12/2020 2:09:10,
70.24602,3.982686,-1.962393,53907,21/12/2020 2:09:10,
70.05727,4,-4.184947,53907,21/12/2020 2:09:10,
70.0325,4,-4.875051,53907,21/12/2020 2:09:10,
70.6223,4,-3.945286,53907,21/12/2020 2:09:11,
69.38092,3.464331,-2.331892,53907,21/12/2020 2:09:11,
68.32755,2.520952,-1.510879,53907,21/12/2020 2:09:11,
67.05082,1.231417,-0.5452806,53907,21/12/2020 2:09:12,
65.92701,0.6116494,0.2311483,53907,21/12/2020 2:09:12,
64.7095,0.4840871,-0.1705018,53907,21/12/2020 2:09:12,
62.58329,0.3477423,-0.2732626,53907,21/12/2020 2:09:13,
60.46915,0.5513848,0.4807948,53907,21/12/2020 2:09:13,
58.32138,0.7151401,1.180898,53907,21/12/2020 2:09:13,
56.24425,0.5801632,0.3267089,53907,21/12/2020 2:09:13,
54.23035,0.2403535,-0.5969456,53907,21/12/2020 2:09:14,
52.02373,0.1440854,-0.9766999,53907,21/12/2020 2:09:14,
50.30884,0.2144216,-2.284614,53907,21/12/2020 2:09:14,
50.56706,0.2128558,-4.52429,53907,21/12/2020 2:09:15,
50.95039,0.4567802,-6.734471,53907,21/12/2020 2:09:15,
50.36578,0.5836825,-8.791653,53907,21/12/2020 2:09:15,
49.13462,0.4270014,-10.67957,53907,21/12/2020 2:09:16,
47.89994,0.2489277,-12.56466,53907,21/12/2020 2:09:16,
48.54496,0.203805,-14.44465,53907,21/12/2020 2:09:16,
50.4464,0.2331543,-15.69408,53907,21/12/2020 2:09:16,
52.39241,0.2047073,-16.59773,53907,21/12/2020 2:09:17,
54.6062,0.0486781,-16.10102,53907,21/12/2020 2:09:17,
56.81155,-0.01731431,-15.69527,53907,21/12/2020 2:09:17,
58.96507,-0.01731431,-15.16426,53907,21/12/2020 2:09:18,
60.84937,-0.01731437,-16.12592,53907,21/12/2020 2:09:18,
60.99302,-0.01731437,-16.21463,53907,21/12/2020 2:09:18,
61.03659,-0.01731431,-16.50184,53907,21/12/2020 2:09:19,
60.17758,-0.01731431,-17.72581,53907,21/12/2020 2:09:19,
60.17758,-0.01731437,-17.72581,53907,21/12/2020 2:09:19,
60.52847,-0.01731431,-17.78571,53907,21/12/2020 2:09:19,
61.88362,-0.01731431,-16.61141,53907,21/12/2020 2:09:20,
62.10982,-0.01731431,-16.25634,53907,21/12/2020 2:09:20,
62.32442,-0.01731431,-15.91949,53907,21/12/2020 2:09:20,
64.04395,-0.01731431,-15.24683,53907,21/12/2020 2:09:21,
65.42836,-0.01731431,-16.95571,53907,21/12/2020 2:09:21,
67.11153,-0.01731431,-18.14799,53907,21/12/2020 2:09:21,
67.28002,-0.01731437,-18.14484,53907,21/12/2020 2:09:22,
67.28002,-0.01731437,-18.14484,53907,21/12/2020 2:09:22,
67.31407,-0.01731431,-18.09683,53907,21/12/2020 2:09:22,
66.45439,-0.01731431,-16.63519,53907,21/12/2020 2:09:22,
64.63953,-0.01731431,-15.28047,53907,21/12/2020 2:09:23,
63.21657,-0.01731431,-13.57022,53907,21/12/2020 2:09:23,
63.57935,-0.01731431,-11.3345,53907,21/12/2020 2:09:23,
63.49199,-0.01731437,-10.43536,53907,21/12/2020 2:09:24,
63.49199,-0.01731437,-10.43536,53907,21/12/2020 2:09:24,
63.49199,-0.01731437,-10.43536,53907,21/12/2020 2:09:24,
63.49199,-0.01731437,-10.43536,53907,21/12/2020 2:09:25,
63.49199,-0.01731437,-10.43536,53907,21/12/2020 2:09:25,
63.49199,-0.01731437,-10.43536,53907,21/12/2020 2:09:25,
63.49199,-0.01731437,-10.43536,53907,21/12/2020 2:09:25,
63.49199,-0.01731437,-10.43536,53907,21/12/2020 2:09:26,
63.49199,-0.01731437,-10.43536,53907,21/12/2020 2:09:26,
63.49199,-0.01731437,-10.43536,53907,21/12/2020 2:09:26,
63.49199,-0.01731437,-10.43536,53907,21/12/2020 2:09:27,
63.49199,-0.01731437,-10.43536,53907,21/12/2020 2:09:27,
63.63293,-0.01731431,-10.33643,53907,21/12/2020 2:09:27,
65.23996,-0.01731431,-9.341076,53907,21/12/2020 2:09:28,
67.40508,-0.01731431,-9.577244,53907,21/12/2020 2:09:28,
67.70821,-0.01731437,-9.471625,53907,21/12/2020 2:09:28,
67.70821,-0.01731437,-9.471625,53907,21/12/2020 2:09:28,
67.73082,-0.01731437,-9.495087,53907,21/12/2020 2:09:29,
66.46947,-0.01731431,-10.23928,53907,21/12/2020 2:09:29,
65.04412,-0.01731431,-9.33607,53907,21/12/2020 2:09:29,
63.74767,0.0104109,-7.62372,53907,21/12/2020 2:09:30,
61.656,-0.001679301,-7.843814,53907,21/12/2020 2:09:30,
60.9867,-0.01731437,-8.225402,53907,21/12/2020 2:09:30,
61.27426,-0.01731431,-8.623455,53907,21/12/2020 2:09:31,
62.98921,-0.01731431,-9.158763,53907,21/12/2020 2:09:31,
63.16908,-0.01731437,-9.207122,53907,21/12/2020 2:09:31,
63.60441,-0.01731431,-9.318868,53907,21/12/2020 2:09:31,
63.29919,-0.01731431,-11.14498,53907,21/12/2020 2:09:32,
61.29226,-0.01731431,-10.36036,53907,21/12/2020 2:09:32,
60.48529,-0.01731437,-9.42802,53907,21/12/2020 2:09:32,
60.39778,-0.01731437,-9.32136,53907,21/12/2020 2:09:33,
60.13626,-0.01731431,-9.72164,53907,21/12/2020 2:09:33,
60.77773,-0.01731431,-11.8228,53907,21/12/2020 2:09:33,
60.82347,-0.01731431,-13.94883,53907,21/12/2020 2:09:34,
58.81306,-0.01731431,-15.00099,53907,21/12/2020 2:09:34,
56.65165,-0.01731431,-14.76374,53907,21/12/2020 2:09:34,
54.47849,0.09333086,-14.1178,53907,21/12/2020 2:09:34,
53.07101,0.1544567,-13.63172,53907,21/12/2020 2:09:35,
53.0312,0.155566,-13.61669,53907,21/12/2020 2:09:35,
53.0312,0.155566,-13.61669,53907,21/12/2020 2:09:35,
53.0312,0.155566,-13.61669,53907,21/12/2020 2:09:36,
