PosX,PosY,PosZ,Orientation X,Orientation Y,Orientation Z,PlayerID,DateTime,
(6.0. 0.0. -35.0),(1.5. 310.0. 0.0),48958,20/12/2020 23:19:31,
(6.0. 0.0. -35.0),(1.5. 310.0. 0.0),48958,20/12/2020 23:19:32,
(6.0. 0.0. -35.0),(337.9. 310.0. 0.0),48958,20/12/2020 23:19:32,
(6.0. 0.0. -35.0),(343.9. 310.0. 0.0),48958,20/12/2020 23:19:33,
(6.0. 0.0. -35.0),(14.3. 310.0. 0.0),48958,20/12/2020 23:19:33,
(6.0. 0.0. -35.0),(33.5. 310.0. 0.0),48958,20/12/2020 23:19:33,
(6.0. 0.0. -35.0),(12.1. 339.6. 0.0),48958,20/12/2020 23:19:34,
(5.8. 0.0. -33.4),(358.3. 352.4. 0.0),48958,20/12/2020 23:19:34,
(5.5. 0.0. -31.3),(357.1. 351.1. 0.0),48958,20/12/2020 23:19:34,
(5.0. 0.0. -29.1),(5.7. 347.6. 0.0),48958,20/12/2020 23:19:35,
(5.3. 0.0. -26.9),(6.0. 0.6. 0.0),48958,20/12/2020 23:19:35,
(4.9. 0.0. -24.7),(6.0. 347.6. 0.0),48958,20/12/2020 23:19:35,
(4.4. 0.0. -22.5),(6.0. 347.6. 0.0),48958,20/12/2020 23:19:35,
(3.9. 0.0. -20.3),(6.0. 355.6. 0.0),48958,20/12/2020 23:19:36,
(4.6. 0.0. -18.2),(6.0. 347.6. 0.0),48958,20/12/2020 23:19:36,
(4.1. 0.0. -15.9),(6.0. 347.6. 0.0),48958,20/12/2020 23:19:36,
(3.6. 0.0. -13.7),(6.0. 347.6. 0.0),48958,20/12/2020 23:19:37,
(3.1. 0.0. -11.5),(6.0. 347.6. 0.0),48958,20/12/2020 23:19:37,
(3.4. 0.0. -9.4),(5.4. 22.4. 0.0),48958,20/12/2020 23:19:37,
(3.3. 0.0. -7.1),(4.8. 4.7. 0.0),48958,20/12/2020 23:19:38,
(4.2. 0.0. -5.1),(6.1. 54.9. 0.0),48958,20/12/2020 23:19:38,
(6.1. 0.0. -3.9),(7.6. 46.4. 0.0),48958,20/12/2020 23:19:38,
(7.0. 0.0. -1.8),(6.2. 18.7. 0.0),48958,20/12/2020 23:19:38,
(7.6. 0.0. 0.4),(6.0. 9.7. 0.0),48958,20/12/2020 23:19:39,
(7.7. 0.0. 2.7),(5.8. 327.3. 0.0),48958,20/12/2020 23:19:39,
(6.8. 0.0. 4.6),(18.1. 1.3. 0.0),48958,20/12/2020 23:19:39,
(7.1. 0.0. 6.8),(27.0. 13.5. 0.0),48958,20/12/2020 23:19:40,
(7.8. 0.0. 8.3),(26.8. 346.2. 0.0),48958,20/12/2020 23:19:40,
(7.1. 0.0. 7.8),(22.4. 224.2. 0.0),48958,20/12/2020 23:19:40,
(5.5. 0.0. 6.2),(20.6. 225.7. 0.0),48958,20/12/2020 23:19:41,
(4.0. 0.0. 4.5),(20.0. 215.7. 0.0),48958,20/12/2020 23:19:41,
(3.0. 0.0. 2.5),(19.1. 203.9. 0.0),48958,20/12/2020 23:19:41,
(2.0. 0.0. 0.5),(18.9. 203.8. 0.0),48958,20/12/2020 23:19:41,
(1.3. 0.0. -1.7),(20.3. 184.2. 0.0),48958,20/12/2020 23:19:42,
(1.9. 0.0. -3.8),(22.6. 160.0. 0.0),48958,20/12/2020 23:19:42,
(2.9. 0.0. -5.9),(17.8. 164.2. 0.0),48958,20/12/2020 23:19:42,
(4.5. 0.0. -7.3),(5.0. 117.9. 0.0),48958,20/12/2020 23:19:43,
(6.4. 0.0. -6.9),(6.6. 21.3. 0.0),48958,20/12/2020 23:19:43,
(6.4. 0.0. -4.6),(8.4. 358.8. 0.0),48958,20/12/2020 23:19:43,
(6.3. 0.0. -2.3),(8.4. 358.8. 0.0),48958,20/12/2020 23:19:44,
(4.8. 0.0. -0.5),(8.4. 313.8. 0.0),48958,20/12/2020 23:19:44,
(4.4. 0.0. 1.5),(8.4. 358.8. 0.0),48958,20/12/2020 23:19:44,
(4.3. 0.0. 3.8),(2.9. 342.2. 0.0),48958,20/12/2020 23:19:44,
(2.3. 0.0. 4.7),(1.5. 279.6. 0.0),48958,20/12/2020 23:19:45,
(0.1. 0.0. 5.0),(20.8. 277.3. 0.0),48958,20/12/2020 23:19:45,
(-1.3. 0.0. 3.7),(333.5. 174.5. 0.0),48958,20/12/2020 23:19:45,
(0.5. 0.0. 2.5),(340.9. 93.1. 0.0),48958,20/12/2020 23:19:46,
(2.7. 0.0. 2.6),(16.8. 101.9. 0.0),48958,20/12/2020 23:19:46,
(3.3. 0.0. 0.7),(33.7. 215.4. 0.0),48958,20/12/2020 23:19:46,
(1.5. 0.0. -0.1),(23.3. 263.9. 0.0),48958,20/12/2020 23:19:47,
(-0.8. 0.0. -0.6),(354.7. 243.1. 0.0),48958,20/12/2020 23:19:47,
(-1.7. 0.0. -2.5),(336.7. 174.6. 0.0),48958,20/12/2020 23:19:47,
(-0.5. 0.0. -4.4),(339.9. 123.4. 0.0),48958,20/12/2020 23:19:47,
(1.5. 0.0. -4.2),(355.8. 63.5. 0.0),48958,20/12/2020 23:19:48,
(1.9. 0.0. -4.0),(359.1. 63.5. 0.0),48958,20/12/2020 23:19:48,
(6.0. 0.0. -35.0),(1.5. 310.0. 0.0),86150,20/12/2020 23:22:22,
(6.0. 0.0. -35.0),(1.5. 310.0. 0.0),86150,20/12/2020 23:22:23,
(6.0. 0.0. -35.0),(1.6. 310.0. 0.0),86150,20/12/2020 23:22:43,
(6.0. 0.0. -35.0),(33.7. 310.0. 0.0),86150,20/12/2020 23:22:43,
(6.0. 0.0. -35.0),(17.3. 310.0. 0.0),86150,20/12/2020 23:22:44,
(6.0. 0.0. -35.0),(359.7. 310.0. 0.0),86150,20/12/2020 23:22:44,
(6.0. 0.0. -35.0),(356.9. 325.2. 0.0),86150,20/12/2020 23:22:44,
(6.2. 0.0. -33.6),(356.8. 10.5. 0.0),86150,20/12/2020 23:22:44,
(6.4. 0.0. -31.3),(0.5. 0.6. 0.0),86150,20/12/2020 23:22:45,
(6.4. 0.0. -28.9),(0.8. 0.5. 0.0),86150,20/12/2020 23:22:45,
(6.4. 0.0. -26.8),(0.8. 0.5. 0.0),86150,20/12/2020 23:22:45,
(6.4. 0.0. -24.5),(0.8. 0.5. 0.0),86150,20/12/2020 23:22:46,
(6.5. 0.0. -22.2),(0.8. 0.5. 0.0),86150,20/12/2020 23:22:46,
(6.5. 0.0. -19.9),(0.8. 0.5. 0.0),86150,20/12/2020 23:22:46,
(6.5. 0.0. -17.7),(0.8. 0.5. 0.0),86150,20/12/2020 23:22:47,
(6.5. 0.0. -15.4),(0.8. 344.5. 0.0),86150,20/12/2020 23:22:47,
(5.5. 0.0. -13.4),(6.4. 346.1. 0.0),86150,20/12/2020 23:22:47,
(5.2. 0.0. -11.1),(12.4. 356.3. 0.0),86150,20/12/2020 23:22:47,
(5.6. 0.0. -8.9),(16.5. 17.7. 0.0),86150,20/12/2020 23:22:48,
(6.3. 0.0. -6.7),(17.3. 17.9. 0.0),86150,20/12/2020 23:22:48,
(7.0. 0.0. -4.6),(17.3. 17.9. 0.0),86150,20/12/2020 23:22:48,
(7.8. 0.0. -2.5),(19.4. 25.1. 0.0),86150,20/12/2020 23:22:49,
(8.9. 0.0. -0.5),(21.1. 33.5. 0.0),86150,20/12/2020 23:22:49,
(10.5. 0.2. 0.6),(26.2. 71.9. 0.0),86150,20/12/2020 23:22:49,
(10.8. 0.0. 0.7),(22.3. 71.9. 0.0),86150,20/12/2020 23:22:50,
(10.8. 0.0. 0.7),(15.5. 71.9. 0.0),86150,20/12/2020 23:22:50,
(11.6. 1.4. 0.6),(15.2. 90.6. 0.0),86150,20/12/2020 23:22:50,
(13.8. 1.9. 0.6),(15.3. 89.0. 0.0),86150,20/12/2020 23:22:50,
(16.2. 0.5. 0.7),(15.3. 91.3. 0.0),86150,20/12/2020 23:22:51,
(17.5. 0.0. 0.6),(15.2. 92.6. 0.0),86150,20/12/2020 23:22:51,
(18.9. 0.0. 0.6),(15.2. 92.6. 0.0),86150,20/12/2020 23:22:51,
(21.1. 0.0. 0.4),(15.2. 92.6. 0.0),86150,20/12/2020 23:22:52,
(23.4. 0.0. 0.3),(15.3. 97.4. 0.0),86150,20/12/2020 23:22:52,
(25.6. 0.1. 0.0),(15.3. 97.5. 0.0),86150,20/12/2020 23:22:52,
(27.9. 0.1. -0.3),(15.3. 97.5. 0.0),86150,20/12/2020 23:22:53,
(30.1. 0.3. -0.2),(18.1. 47.3. 0.0),86150,20/12/2020 23:22:53,
(30.5. 0.2. 2.0),(19.5. 20.1. 0.0),86150,20/12/2020 23:22:53,
(31.9. 0.3. 3.8),(25.4. 85.2. 0.0),86150,20/12/2020 23:22:54,
(33.7. 0.3. 2.7),(33.5. 130.1. 0.0),86150,20/12/2020 23:22:54,
(34.3. 0.4. 1.1),(33.4. 192.4. 0.0),86150,20/12/2020 23:22:54,
(34.3. 0.4. 1.1),(32.5. 192.4. 0.0),86150,20/12/2020 23:22:54,
(34.2. 0.4. 0.8),(31.3. 190.3. 0.0),86150,20/12/2020 23:22:55,
(32.9. 0.3. -0.6),(28.8. 228.7. 0.0),86150,20/12/2020 23:22:55,
(31.7. 0.3. -2.4),(30.9. 246.0. 0.0),86150,20/12/2020 23:22:55,
(31.4. 0.3. -2.2),(33.7. 5.9. 0.0),86150,20/12/2020 23:22:56,
(31.5. 0.3. -1.7),(33.7. 46.2. 0.0),86150,20/12/2020 23:22:56,
(32.6. 0.3. -1.5),(33.4. 86.9. 0.0),86150,20/12/2020 23:22:56,
(32.7. 0.3. -1.5),(33.6. 14.0. 0.0),86150,20/12/2020 23:22:57,
(32.5. 0.3. -1.1),(31.6. 337.8. 0.0),86150,20/12/2020 23:22:57,
(32.4. 0.3. -0.8),(30.8. 49.7. 0.0),86150,20/12/2020 23:22:57,
(32.9. 0.3. -0.4),(31.0. 102.4. 0.0),86150,20/12/2020 23:22:57,
(33.6. 0.4. -0.5),(30.7. 120.3. 0.0),86150,20/12/2020 23:22:58,
(33.7. 0.4. -0.6),(11.2. 166.4. 0.0),86150,20/12/2020 23:22:58,
(34.5. 0.5. -2.6),(4.5. 169.7. 0.0),86150,20/12/2020 23:22:58,
(33.6. 0.6. -4.6),(6.6. 214.9. 0.0),86150,20/12/2020 23:22:59,
(32.0. 0.4. -6.3),(16.3. 232.1. 0.0),86150,20/12/2020 23:22:59,
(30.1. 0.2. -7.4),(26.1. 241.2. 0.0),86150,20/12/2020 23:22:59,
(28.7. 0.2. -8.0),(28.6. 260.1. 0.0),86150,20/12/2020 23:22:59,
(28.6. 0.2. -8.0),(31.9. 270.1. 0.0),86150,20/12/2020 23:23:00,
(26.5. -0.1. -8.6),(32.8. 291.3. 0.0),86150,20/12/2020 23:23:00,
(26.2. 0.0. -6.8),(33.6. 43.3. 0.0),86150,20/12/2020 23:23:00,
(28.3. 0.2. -7.2),(28.9. 123.6. 0.0),86150,20/12/2020 23:23:01,
(29.4. 0.0. -9.2),(19.4. 116.0. 0.0),86150,20/12/2020 23:23:01,
(31.0. 0.2. -8.2),(5.5. 20.0. 0.0),86150,20/12/2020 23:23:01,
(31.1. 0.3. -7.1),(10.8. 302.5. 0.0),86150,20/12/2020 23:23:02,
(30.1. 0.2. -7.6),(24.6. 249.9. 0.0),86150,20/12/2020 23:23:02,
(27.9. 0.1. -7.3),(25.9. 275.3. 0.0),86150,20/12/2020 23:23:02,
(26.8. -0.1. -8.8),(32.2. 165.9. 0.0),86150,20/12/2020 23:23:02,
(28.7. 0.0. -9.3),(31.3. 71.5. 0.0),86150,20/12/2020 23:23:03,
(30.5. 0.2. -8.1),(21.3. 42.0. 0.0),86150,20/12/2020 23:23:03,
(31.0. 0.3. -6.0),(9.0. 7.9. 0.0),86150,20/12/2020 23:23:03,
(31.2. 0.4. -3.6),(7.8. 3.0. 0.0),86150,20/12/2020 23:23:04,
(31.2. 0.3. -1.5),(14.9. 355.7. 0.0),86150,20/12/2020 23:23:04,
(31.0. 0.3. 0.8),(15.5. 355.1. 0.0),86150,20/12/2020 23:23:04,
(30.8. 0.3. 3.0),(22.1. 6.7. 0.0),86150,20/12/2020 23:23:05,
(31.0. 0.5. 5.3),(23.8. 5.0. 0.0),86150,20/12/2020 23:23:05,
(31.2. 0.7. 7.5),(23.9. 357.0. 0.0),86150,20/12/2020 23:23:05,
(30.1. 0.7. 9.2),(23.9. 320.0. 0.0),86150,20/12/2020 23:23:05,
(28.6. 0.4. 10.8),(25.6. 316.6. 0.0),86150,20/12/2020 23:23:06,
(27.8. 0.4. 11.7),(25.7. 318.1. 0.0),86150,20/12/2020 23:23:06,
(27.6. 0.4. 12.0),(32.1. 332.2. 0.0),86150,20/12/2020 23:23:06,
(26.7. 0.4. 14.0),(25.0. 336.1. 0.0),86150,20/12/2020 23:23:07,
(25.1. 0.5. 15.7),(6.3. 310.2. 0.0),86150,20/12/2020 23:23:07,
(23.5. 0.5. 17.1),(5.6. 310.1. 0.0),86150,20/12/2020 23:23:07,
(21.9. 0.0. 18.4),(12.2. 308.4. 0.0),86150,20/12/2020 23:23:08,
(22.1. 0.1. 20.3),(26.9. 60.6. 0.0),86150,20/12/2020 23:23:08,
(24.3. 0.3. 20.5),(31.6. 87.1. 0.0),86150,20/12/2020 23:23:08,
(25.2. 0.2. 20.6),(31.8. 87.1. 0.0),86150,20/12/2020 23:23:08,
(25.8. 0.2. 20.6),(31.8. 87.1. 0.0),86150,20/12/2020 23:23:09,
(28.0. 0.2. 20.8),(31.8. 87.1. 0.0),86150,20/12/2020 23:23:09,
(30.2. 0.1. 20.2),(30.9. 118.7. 0.0),86150,20/12/2020 23:23:09,
(30.6. 0.1. 20.0),(27.9. 88.9. 0.0),86150,20/12/2020 23:23:10,
(30.4. 0.1. 19.7),(24.9. 216.8. 0.0),86150,20/12/2020 23:23:10,
(29.0. 0.1. 19.5),(24.8. 307.7. 0.0),86150,20/12/2020 23:23:10,
(28.7. 0.1. 20.1),(24.9. 300.2. 0.0),86150,20/12/2020 23:23:11,
(28.6. 0.1. 20.2),(24.0. 281.5. 0.0),86150,20/12/2020 23:23:11,
(26.4. 0.2. 20.3),(21.6. 276.6. 0.0),86150,20/12/2020 23:23:11,
(24.3. 0.2. 20.3),(20.0. 264.6. 0.0),86150,20/12/2020 23:23:11,
(22.1. 0.1. 20.1),(19.6. 264.1. 0.0),86150,20/12/2020 23:23:12,
(19.9. 0.4. 19.8),(19.3. 261.9. 0.0),86150,20/12/2020 23:23:12,
(17.8. 0.8. 19.2),(21.1. 249.0. 0.0),86150,20/12/2020 23:23:12,
(17.3. 0.7. 17.6),(24.7. 158.7. 0.0),86150,20/12/2020 23:23:13,
(19.3. 0.4. 16.7),(23.9. 94.7. 0.0),86150,20/12/2020 23:23:13,
(21.5. 0.2. 16.6),(12.5. 112.1. 0.0),86150,20/12/2020 23:23:13,
(23.7. 0.5. 15.7),(11.5. 112.1. 0.0),86150,20/12/2020 23:23:14,
(25.8. 0.5. 14.8),(11.9. 117.1. 0.0),86150,20/12/2020 23:23:14,
(27.5. 0.2. 13.7),(13.9. 123.0. 0.0),86150,20/12/2020 23:23:14,
(29.2. 0.4. 12.3),(14.4. 139.9. 0.0),86150,20/12/2020 23:23:14,
(30.4. 0.8. 10.5),(14.7. 145.5. 0.0),86150,20/12/2020 23:23:15,
(31.7. 0.7. 8.6),(14.7. 145.6. 0.0),86150,20/12/2020 23:23:15,
(33.0. 0.6. 6.8),(16.1. 141.4. 0.0),86150,20/12/2020 23:23:15,
(34.5. 0.4. 5.1),(19.0. 136.5. 0.0),86150,20/12/2020 23:23:16,
(35.6. 0.5. 3.3),(19.1. 181.5. 0.0),86150,20/12/2020 23:23:16,
(35.4. 0.5. 0.9),(20.7. 194.5. 0.0),86150,20/12/2020 23:23:16,
(34.5. 0.4. -1.0),(27.7. 211.7. 0.0),86150,20/12/2020 23:23:17,
(33.3. 0.5. -2.9),(28.4. 211.8. 0.0),86150,20/12/2020 23:23:17,
(32.1. 0.5. -4.9),(29.6. 206.8. 0.0),86150,20/12/2020 23:23:17,
(32.1. 0.4. -5.5),(30.0. 161.3. 0.0),86150,20/12/2020 23:23:17,
(32.3. 0.4. -6.2),(30.8. 154.7. 0.0),86150,20/12/2020 23:23:18,
(32.5. 0.4. -6.3),(33.7. 129.1. 0.0),86150,20/12/2020 23:23:18,
(33.8. 0.3. -8.0),(33.7. 173.8. 0.0),86150,20/12/2020 23:23:18,
(34.0. 0.3. -9.2),(33.7. 128.8. 0.0),86150,20/12/2020 23:23:19,
(34.2. 0.3. -9.4),(33.7. 128.0. 0.0),86150,20/12/2020 23:23:19,
(36.1. -0.2. -9.1),(30.5. 50.1. 0.0),86150,20/12/2020 23:23:19,
(37.7. -0.3. -7.6),(29.7. 37.9. 0.0),86150,20/12/2020 23:23:20,
(38.7. 0.8. -5.6),(26.2. 41.0. 0.0),86150,20/12/2020 23:23:20,
(40.3. 2.3. -3.7),(24.7. 41.0. 0.0),86150,20/12/2020 23:23:20,
(41.9. 1.6. -2.0),(21.6. 49.0. 0.0),86150,20/12/2020 23:23:20,
(43.3. 0.5. -0.9),(13.9. 52.1. 0.0),86150,20/12/2020 23:23:21,
(44.5. 0.5. -0.3),(13.9. 74.6. 0.0),86150,20/12/2020 23:23:21,
(46.3. 0.7. -0.4),(18.2. 97.0. 0.0),86150,20/12/2020 23:23:21,
(48.5. 0.5. -0.4),(15.8. 82.7. 0.0),86150,20/12/2020 23:23:22,
(50.7. 0.2. 0.0),(15.2. 81.9. 0.0),86150,20/12/2020 23:23:22,
(52.8. 0.4. 0.7),(8.9. 59.8. 0.0),86150,20/12/2020 23:23:22,
(54.9. 0.7. 1.7),(6.3. 68.8. 0.0),86150,20/12/2020 23:23:23,
(56.9. 0.8. 2.4),(6.1. 69.4. 0.0),86150,20/12/2020 23:23:23,
(59.0. 0.5. 3.0),(7.5. 79.6. 0.0),86150,20/12/2020 23:23:23,
(61.3. 0.5. 2.9),(13.2. 111.0. 0.0),86150,20/12/2020 23:23:23,
(63.3. 0.5. 2.0),(15.1. 113.2. 0.0),86150,20/12/2020 23:23:24,
(65.4. 0.8. 1.0),(14.7. 119.8. 0.0),86150,20/12/2020 23:23:24,
(67.4. 2.8. -0.3),(13.9. 123.9. 0.0),86150,20/12/2020 23:23:24,
(69.1. 2.7. -1.7),(15.9. 163.2. 0.0),86150,20/12/2020 23:23:25,
(69.4. 3.2. -2.4),(26.0. 137.6. 0.0),86150,20/12/2020 23:23:25,
(70.6. 4.0. -1.9),(33.7. 27.5. 0.0),86150,20/12/2020 23:23:25,
(70.8. 4.0. 0.3),(32.0. 359.3. 0.0),86150,20/12/2020 23:23:26,
(70.8. 4.0. 2.6),(31.7. 359.2. 0.0),86150,20/12/2020 23:23:26,
(70.8. 4.0. 4.9),(31.9. 7.2. 0.0),86150,20/12/2020 23:23:26,
(71.1. 4.0. 6.3),(29.4. 12.8. 0.0),86150,20/12/2020 23:23:26,
(71.2. 4.0. 6.4),(28.6. 12.8. 0.0),86150,20/12/2020 23:23:27,
(71.2. 4.0. 6.4),(28.5. 12.8. 0.0),86150,20/12/2020 23:23:27,
(71.2. 4.0. 6.4),(28.5. 12.8. 0.0),86150,20/12/2020 23:23:27,
(71.1. 4.0. 6.6),(28.5. 358.9. 0.0),86150,20/12/2020 23:23:28,
(70.9. 4.0. 7.6),(28.5. 325.4. 0.0),86150,20/12/2020 23:23:28,
(70.7. 4.0. 7.3),(28.5. 205.4. 0.0),86150,20/12/2020 23:23:28,
(70.6. 4.0. 7.2),(28.5. 198.6. 0.0),86150,20/12/2020 23:23:29,
(70.6. 4.0. 7.2),(28.5. 198.6. 0.0),86150,20/12/2020 23:23:29,
(70.9. 4.0. 7.2),(29.6. 87.7. 0.0),86150,20/12/2020 23:23:29,
(72.8. 5.2. 7.3),(29.7. 87.7. 0.0),86150,20/12/2020 23:23:29,
(75.2. 6.5. 7.4),(29.7. 87.7. 0.0),86150,20/12/2020 23:23:30,
(77.8. 6.0. 7.5),(29.7. 87.7. 0.0),86150,20/12/2020 23:23:30,
(79.6. 4.0. 7.6),(29.7. 87.7. 0.0),86150,20/12/2020 23:23:30,
(79.6. 5.9. 7.6),(29.7. 87.7. 0.0),86150,20/12/2020 23:23:31,
(80.9. 6.3. 7.6),(29.7. 87.7. 0.0),86150,20/12/2020 23:23:31,
(81.3. 6.0. 7.6),(29.7. 87.7. 0.0),86150,20/12/2020 23:23:31,
(81.3. 6.0. 7.6),(29.5. 87.7. 0.0),86150,20/12/2020 23:23:32,
(81.8. 6.2. 7.6),(29.3. 90.7. 0.0),86150,20/12/2020 23:23:32,
(84.0. 8.2. 7.6),(29.3. 90.7. 0.0),86150,20/12/2020 23:23:32,
(86.4. 8.5. 7.6),(31.6. 89.7. 0.0),86150,20/12/2020 23:23:32,
(88.8. 6.9. 7.6),(33.7. 88.5. 0.0),86150,20/12/2020 23:23:33,
(90.9. 4.0. 7.7),(33.7. 88.5. 0.0),86150,20/12/2020 23:23:33,
(91.3. 4.0. 7.6),(29.0. 119.1. 0.0),86150,20/12/2020 23:23:33,
(92.1. 4.0. 6.8),(28.4. 119.1. 0.0),86150,20/12/2020 23:23:34,
(92.1. 4.0. 6.4),(26.5. 119.1. 0.0),86150,20/12/2020 23:23:34,
(92.1. 4.0. 6.4),(23.6. 119.1. 0.0),86150,20/12/2020 23:23:34,
(91.7. 4.0. 6.4),(24.0. 276.6. 0.0),86150,20/12/2020 23:23:35,
(89.5. 5.5. 6.7),(24.2. 276.6. 0.0),86150,20/12/2020 23:23:35,
(87.2. 6.4. 6.9),(24.2. 276.6. 0.0),86150,20/12/2020 23:23:35,
(84.6. 5.0. 7.2),(25.3. 270.9. 0.0),86150,20/12/2020 23:23:36,
(83.0. 5.1. 6.4),(32.3. 227.6. 0.0),86150,20/12/2020 23:23:36,
(81.3. 6.2. 4.8),(33.2. 226.9. 0.0),86150,20/12/2020 23:23:36,
(81.3. 6.0. 5.1),(33.3. 46.9. 0.0),86150,20/12/2020 23:23:36,
(81.2. 6.0. 5.2),(33.3. 256.5. 0.0),86150,20/12/2020 23:23:37,
(79.4. 6.7. 5.1),(31.6. 266.4. 0.0),86150,20/12/2020 23:23:37,
(77.0. 8.4. 5.0),(31.5. 266.4. 0.0),86150,20/12/2020 23:23:37,
(74.6. 8.3. 4.7),(33.0. 259.2. 0.0),86150,20/12/2020 23:23:38,
(72.3. 6.4. 4.0),(33.7. 247.0. 0.0),86150,20/12/2020 23:23:38,
(70.6. 4.0. 3.2),(31.7. 242.0. 0.0),86150,20/12/2020 23:23:38,
(68.9. 5.6. 2.2),(26.9. 237.4. 0.0),86150,20/12/2020 23:23:38,
(66.7. 6.2. 0.8),(26.6. 236.0. 0.0),86150,20/12/2020 23:23:39,
(65.5. 4.8. -0.5),(33.7. 220.8. 0.0),86150,20/12/2020 23:23:39,
(65.4. 1.6. -0.6),(33.7. 220.8. 0.0),86150,20/12/2020 23:23:39,
(65.4. 0.6. -0.6),(33.6. 220.8. 0.0),86150,20/12/2020 23:23:40,
(65.4. 0.6. -0.6),(33.7. 220.8. 0.0),86150,20/12/2020 23:23:40,
(65.2. 0.6. -0.8),(32.1. 252.1. 0.0),86150,20/12/2020 23:23:40,
(64.5. 0.6. -1.0),(32.2. 254.4. 0.0),86150,20/12/2020 23:23:41,
(63.6. 0.6. -1.7),(32.2. 209.4. 0.0),86150,20/12/2020 23:23:41,
(63.6. 0.6. -1.8),(18.4. 262.6. 0.0),86150,20/12/2020 23:23:41,
(62.1. 0.4. -2.0),(16.1. 262.6. 0.0),86150,20/12/2020 23:23:41,
(59.9. 0.4. -2.5),(14.1. 239.1. 0.0),86150,20/12/2020 23:23:42,
(58.1. 0.2. -3.8),(13.0. 235.2. 0.0),86150,20/12/2020 23:23:42,
(56.2. 0.4. -5.1),(12.9. 235.2. 0.0),86150,20/12/2020 23:23:42,
(54.4. 0.3. -6.4),(12.9. 227.1. 0.0),86150,20/12/2020 23:23:43,
(53.8. 0.0. -8.5),(12.9. 190.1. 0.0),86150,20/12/2020 23:23:43,
(53.4. 0.0. -10.8),(12.9. 190.1. 0.0),86150,20/12/2020 23:23:43,
(53.0. 0.1. -13.1),(12.8. 190.1. 0.0),86150,20/12/2020 23:23:44,
(52.6. 0.2. -15.4),(12.8. 190.1. 0.0),86150,20/12/2020 23:23:44,
(52.2. 0.2. -17.5),(12.8. 189.9. 0.0),86150,20/12/2020 23:23:44,
(51.9. 0.3. -19.7),(13.6. 185.8. 0.0),86150,20/12/2020 23:23:44,
(51.8. 0.4. -22.0),(13.8. 177.6. 0.0),86150,20/12/2020 23:23:45,
(52.0. 1.8. -24.3),(14.0. 173.1. 0.0),86150,20/12/2020 23:23:45,
(53.4. 2.7. -25.9),(16.5. 102.6. 0.0),86150,20/12/2020 23:23:45,
(54.2. 3.1. -26.5),(19.5. 146.0. 0.0),86150,20/12/2020 23:23:46,
(54.7. 3.5. -27.7),(22.3. 145.6. 0.0),86150,20/12/2020 23:23:46,
(55.5. 4.0. -29.6),(22.8. 145.8. 0.0),86150,20/12/2020 23:23:46,
(56.4. 4.0. -31.5),(26.6. 165.5. 0.0),86150,20/12/2020 23:23:47,
(56.5. 4.0. -32.1),(31.2. 174.1. 0.0),86150,20/12/2020 23:23:47,
(56.5. 4.0. -32.4),(32.6. 174.5. 0.0),86150,20/12/2020 23:23:47,
(57.0. 4.0. -33.4),(33.4. 173.6. 0.0),86150,20/12/2020 23:23:47,
(57.0. 4.0. -33.4),(33.7. 172.0. 0.0),86150,20/12/2020 23:23:48,
(57.1. 4.0. -34.0),(33.7. 172.0. 0.0),86150,20/12/2020 23:23:48,
(57.1. 4.0. -34.2),(33.7. 171.0. 0.0),86150,20/12/2020 23:23:48,
(57.3. 4.0. -35.1),(33.7. 170.7. 0.0),86150,20/12/2020 23:23:49,
(57.4. 4.0. -35.8),(33.7. 175.1. 0.0),86150,20/12/2020 23:23:49,
(57.4. 4.0. -35.8),(33.7. 175.1. 0.0),86150,20/12/2020 23:23:49,
(57.4. 4.0. -35.8),(30.7. 179.9. 0.0),86150,20/12/2020 23:23:50,
(57.3. 4.0. -37.1),(23.3. 182.0. 0.0),86150,20/12/2020 23:23:50,
(56.8. 4.0. -37.1),(12.0. 240.0. 0.0),86150,20/12/2020 23:23:50,
(55.2. 4.0. -36.1),(10.9. 352.0. 0.0),86150,20/12/2020 23:23:50,
(55.2. 4.0. -33.8),(11.2. 357.3. 0.0),86150,20/12/2020 23:23:51,
(54.9. 4.0. -31.6),(13.3. 345.9. 0.0),86150,20/12/2020 23:23:51,
(54.3. 5.7. -29.3),(20.5. 345.7. 0.0),86150,20/12/2020 23:23:51,
(53.9. 6.3. -26.9),(33.7. 351.8. 0.0),86150,20/12/2020 23:23:52,
(53.6. 4.8. -24.6),(30.3. 336.1. 0.0),86150,20/12/2020 23:23:52,
(53.9. 1.5. -22.3),(19.7. 23.7. 0.0),86150,20/12/2020 23:23:52,
(54.4. 0.2. -21.0),(17.1. 24.3. 0.0),86150,20/12/2020 23:23:53,
(55.3. 0.0. -19.1),(15.5. 24.3. 0.0),86150,20/12/2020 23:23:53,
(56.0. 0.0. -17.6),(15.5. 18.6. 0.0),86150,20/12/2020 23:23:53,
(57.0. 0.0. -15.7),(15.5. 50.6. 0.0),86150,20/12/2020 23:23:53,
(57.1. 0.0. -15.0),(16.8. 20.6. 0.0),86150,20/12/2020 23:23:54,
(56.7. 0.0. -15.0),(14.6. 243.6. 0.0),86150,20/12/2020 23:23:54,
(54.8. 0.0. -15.8),(9.7. 256.1. 0.0),86150,20/12/2020 23:23:54,
(52.7. 0.2. -15.2),(330.3. 311.3. 0.0),86150,20/12/2020 23:23:55,
(51.2. 0.1. -13.4),(330.3. 318.4. 0.0),86150,20/12/2020 23:23:55,
(50.5. 0.3. -11.4),(335.3. 346.1. 0.0),86150,20/12/2020 23:23:55,
(50.6. 0.5. -9.2),(19.2. 2.3. 0.0),86150,20/12/2020 23:23:56,
(50.3. 0.5. -6.9),(22.0. 326.1. 0.0),86150,20/12/2020 23:23:56,
(48.8. 0.3. -5.5),(20.2. 311.1. 0.0),86150,20/12/2020 23:23:56,
(47.1. 0.6. -4.1),(19.6. 302.3. 0.0),86150,20/12/2020 23:23:56,
(45.0. 1.6. -3.0),(18.9. 297.0. 0.0),86150,20/12/2020 23:23:57,
(42.9. 2.9. -1.9),(18.8. 297.0. 0.0),86150,20/12/2020 23:23:57,
(40.7. 2.0. -0.8),(18.8. 297.0. 0.0),86150,20/12/2020 23:23:57,
(38.7. 1.2. 0.2),(18.8. 297.0. 0.0),86150,20/12/2020 23:23:58,
(36.8. 2.8. 1.5),(20.6. 315.5. 0.0),86150,20/12/2020 23:23:58,
(35.1. 2.0. 3.3),(21.1. 316.0. 0.0),86150,20/12/2020 23:23:58,
(33.8. 0.4. 4.6),(20.7. 315.7. 0.0),86150,20/12/2020 23:23:59,
(32.8. 0.5. 5.6),(11.4. 313.7. 0.0),86150,20/12/2020 23:23:59,
(31.6. 0.7. 6.8),(10.7. 313.5. 0.0),86150,20/12/2020 23:23:59,
(29.9. 0.6. 8.3),(17.7. 313.3. 0.0),86150,20/12/2020 23:23:59,
(28.3. 0.4. 9.9),(18.2. 313.3. 0.0),86150,20/12/2020 23:24:00,
(26.6. 0.3. 11.3),(18.2. 307.7. 0.0),86150,20/12/2020 23:24:00,
(24.8. 0.5. 12.6),(18.0. 304.9. 0.0),86150,20/12/2020 23:24:00,
(23.5. 0.6. 14.3),(19.6. 322.5. 0.0),86150,20/12/2020 23:24:01,
(21.8. 0.4. 15.8),(22.5. 311.0. 0.0),86150,20/12/2020 23:24:01,
(20.1. 0.3. 17.3),(22.6. 311.0. 0.0),86150,20/12/2020 23:24:01,
(18.4. 0.6. 18.7),(22.6. 295.0. 0.0),86150,20/12/2020 23:24:02,
(16.2. 0.8. 18.6),(22.6. 266.0. 0.0),86150,20/12/2020 23:24:02,
(16.2. 0.8. 18.6),(22.6. 280.2. 0.0),86150,20/12/2020 23:24:02,
(16.2. 0.8. 18.8),(20.3. 25.5. 0.0),86150,20/12/2020 23:24:02,
(18.1. 0.7. 18.7),(19.6. 121.3. 0.0),86150,20/12/2020 23:24:03,
(20.1. 0.3. 17.8),(13.0. 104.1. 0.0),86150,20/12/2020 23:24:03,
(22.2. 0.2. 17.0),(11.2. 105.4. 0.0),86150,20/12/2020 23:24:03,
(23.8. 0.5. 15.6),(7.7. 136.5. 0.0),86150,20/12/2020 23:24:04,
(25.3. 0.6. 13.9),(7.2. 136.4. 0.0),86150,20/12/2020 23:24:04,
(26.8. 0.3. 12.3),(7.2. 136.4. 0.0),86150,20/12/2020 23:24:04,
(28.4. 0.4. 10.7),(7.2. 136.4. 0.0),86150,20/12/2020 23:24:05,
(29.9. 0.7. 9.1),(7.2. 136.4. 0.0),86150,20/12/2020 23:24:05,
(31.4. 0.7. 7.5),(12.8. 136.3. 0.0),86150,20/12/2020 23:24:05,
(32.3. 0.6. 5.5),(15.9. 170.2. 0.0),86150,20/12/2020 23:24:05,
(33.5. 0.3. 3.8),(17.9. 122.6. 0.0),86150,20/12/2020 23:24:06,
(35.4. 0.5. 2.7),(18.6. 118.2. 0.0),86150,20/12/2020 23:24:06,
(37.5. 1.7. 1.6),(18.7. 118.1. 0.0),86150,20/12/2020 23:24:06,
(39.7. 2.7. 0.4),(19.2. 116.9. 0.0),86150,20/12/2020 23:24:07,
(41.7. 1.6. -0.7),(20.1. 124.4. 0.0),86150,20/12/2020 23:24:07,
(43.1. 1.2. -1.9),(20.5. 133.7. 0.0),86150,20/12/2020 23:24:07,
(44.8. 2.6. -3.6),(20.5. 133.7. 0.0),86150,20/12/2020 23:24:08,
(46.6. 1.7. -5.3),(20.5. 133.7. 0.0),86150,20/12/2020 23:24:08,
(47.9. 0.3. -6.4),(19.5. 129.0. 0.0),86150,20/12/2020 23:24:08,
(48.9. 0.4. -7.2),(13.3. 127.2. 0.0),86150,20/12/2020 23:24:08,
(50.4. 0.6. -8.4),(12.0. 127.8. 0.0),86150,20/12/2020 23:24:09,
(51.1. 0.4. -10.5),(13.6. 158.7. 0.0),86150,20/12/2020 23:24:09,
(52.1. 0.1. -12.4),(14.5. 131.5. 0.0),86150,20/12/2020 23:24:09,
(54.3. 0.3. -13.1),(15.3. 96.0. 0.0),86150,20/12/2020 23:24:10,
(56.7. 2.2. -13.3),(16.0. 94.1. 0.0),86150,20/12/2020 23:24:10,
(59.1. 1.7. -13.5),(16.0. 94.1. 0.0),86150,20/12/2020 23:24:10,
(61.1. 0.0. -13.6),(16.0. 94.1. 0.0),86150,20/12/2020 23:24:11,
(62.3. 0.0. -13.7),(16.0. 94.1. 0.0),86150,20/12/2020 23:24:11,
(63.5. 0.0. -13.8),(16.0. 94.1. 0.0),86150,20/12/2020 23:24:11,
(63.6. 0.0. -13.8),(16.0. 94.1. 0.0),86150,20/12/2020 23:24:11,
(6.0. 0.0. -35.0),(1.5. 310.0. 0.0),27203,20/12/2020 23:32:39,
(6.0. 0.0. -35.0),(1.5. 310.0. 0.0),27203,20/12/2020 23:32:40,
(6.0. 0.0. -35.0),(348.5. 310.0. 0.0),27203,20/12/2020 23:32:40,
(6.0. 0.0. -35.0),(3.6. 310.0. 0.0),27203,20/12/2020 23:32:41,
(6.0. 0.0. -35.0),(6.3. 310.0. 0.0),27203,20/12/2020 23:32:41,
(6.0. 0.0. -35.0),(2.4. 310.0. 0.0),27203,20/12/2020 23:32:41,
(6.0. 0.0. -35.0),(5.6. 339.6. 0.0),27203,20/12/2020 23:32:41,
(6.2. 0.0. -33.4),(22.1. 8.7. 0.0),27203,20/12/2020 23:32:42,
(6.5. 0.0. -31.2),(19.3. 2.6. 0.0),27203,20/12/2020 23:32:42,
(5.8. 0.0. -29.2),(2.2. 338.7. 0.0),27203,20/12/2020 23:32:42,
(5.1. 0.0. -26.9),(2.2. 5.2. 0.0),27203,20/12/2020 23:32:43,
(5.9. 0.0. -24.9),(3.6. 22.4. 0.0),27203,20/12/2020 23:32:43,
(6.7. 0.0. -22.6),(5.3. 13.7. 0.0),27203,20/12/2020 23:32:43,
(7.0. 0.0. -20.5),(8.8. 7.9. 0.0),27203,20/12/2020 23:32:43,
(7.3. 0.0. -18.2),(9.0. 7.9. 0.0),27203,20/12/2020 23:32:44,
(7.6. 0.0. -16.0),(9.0. 2.4. 0.0),27203,20/12/2020 23:32:44,
(6.1. 0.0. -14.4),(6.9. 275.8. 0.0),27203,20/12/2020 23:32:44,
(4.8. 0.0. -16.0),(346.3. 208.7. 0.0),27203,20/12/2020 23:32:45,
(3.0. 0.0. -16.0),(346.1. 320.7. 0.0),27203,20/12/2020 23:32:45,
(3.5. 0.0. -14.0),(359.1. 47.5. 0.0),27203,20/12/2020 23:32:45,
(5.4. 0.0. -12.6),(23.3. 51.1. 0.0),27203,20/12/2020 23:32:46,
(7.1. 0.0. -11.0),(19.3. 35.4. 0.0),27203,20/12/2020 23:32:46,
(6.3. 0.0. -9.2),(346.4. 300.5. 0.0),27203,20/12/2020 23:32:46,
(5.2. 0.0. -7.4),(345.5. 355.3. 0.0),27203,20/12/2020 23:32:47,
(5.5. 0.0. -5.3),(352.4. 16.2. 0.0),27203,20/12/2020 23:32:47,
(6.7. 0.0. -3.2),(13.2. 41.4. 0.0),27203,20/12/2020 23:32:47,
(7.9. 0.0. -1.5),(17.4. 10.8. 0.0),27203,20/12/2020 23:32:47,
(9.3. 0.0. 0.1),(21.3. 79.8. 0.0),27203,20/12/2020 23:32:48,
(10.7. 0.1. 0.4),(22.0. 79.3. 0.0),27203,20/12/2020 23:32:48,
(10.7. 0.0. 0.4),(21.7. 79.3. 0.0),27203,20/12/2020 23:32:48,
(11.2. 1.5. 0.4),(18.5. 82.4. 0.0),27203,20/12/2020 23:32:49,
(13.4. 2.1. 0.5),(5.1. 92.7. 0.0),27203,20/12/2020 23:32:49,
(16.0. 0.4. 0.4),(1.3. 93.0. 0.0),27203,20/12/2020 23:32:49,
(17.3. 0.0. 0.3),(10.3. 90.7. 0.0),27203,20/12/2020 23:32:50,
(18.5. 0.0. 0.3),(15.7. 89.3. 0.0),27203,20/12/2020 23:32:50,
(20.9. 0.0. 0.4),(16.1. 80.9. 0.0),27203,20/12/2020 23:32:50,
(23.0. 0.0. 1.0),(16.5. 77.5. 0.0),27203,20/12/2020 23:32:50,
(24.9. 0.0. -0.1),(21.1. 148.0. 0.0),27203,20/12/2020 23:32:51,
(26.1. 2.0. -1.9),(26.8. 103.1. 0.0),27203,20/12/2020 23:32:51,
(28.2. 1.6. -3.1),(33.7. 138.5. 0.0),27203,20/12/2020 23:32:51,
(28.9. 0.1. -4.9),(33.3. 205.9. 0.0),27203,20/12/2020 23:32:52,
(28.4. 0.1. -5.8),(30.8. 226.4. 0.0),27203,20/12/2020 23:32:52,
(28.3. 0.1. -6.3),(32.3. 198.2. 0.0),27203,20/12/2020 23:32:52,
(28.1. 0.1. -6.6),(33.4. 220.4. 0.0),27203,20/12/2020 23:32:53,
(26.6. 0.0. -8.1),(33.7. 221.2. 0.0),27203,20/12/2020 23:32:53,
(27.4. -0.1. -9.9),(27.4. 97.9. 0.0),27203,20/12/2020 23:32:53,
(28.7. 0.1. -8.5),(18.0. 14.3. 0.0),27203,20/12/2020 23:32:53,
(28.9. 0.2. -7.5),(15.6. 5.7. 0.0),27203,20/12/2020 23:32:54,
(28.9. 0.2. -7.5),(16.0. 5.7. 0.0),27203,20/12/2020 23:32:54,
(28.9. 2.0. -6.6),(16.0. 5.4. 0.0),27203,20/12/2020 23:32:54,
(29.2. 2.0. -4.3),(16.0. 5.4. 0.0),27203,20/12/2020 23:32:55,
(29.8. 0.2. -2.0),(23.6. 24.1. 0.0),27203,20/12/2020 23:32:55,
(30.1. 0.3. -1.0),(25.5. 17.9. 0.0),27203,20/12/2020 23:32:55,
(30.6. 0.3. 0.5),(24.6. 15.5. 0.0),27203,20/12/2020 23:32:55,
(31.3. 0.3. 2.7),(19.9. 22.9. 0.0),27203,20/12/2020 23:32:56,
(31.2. 0.4. 4.9),(11.2. 348.7. 0.0),27203,20/12/2020 23:32:56,
(30.7. 0.6. 7.2),(10.2. 348.5. 0.0),27203,20/12/2020 23:32:56,
(30.9. 0.7. 9.3),(15.8. 19.1. 0.0),27203,20/12/2020 23:32:57,
(31.6. 0.6. 11.6),(20.0. 9.4. 0.0),27203,20/12/2020 23:32:57,
(31.8. 0.6. 13.7),(22.3. 4.6. 0.0),27203,20/12/2020 23:32:57,
(32.0. 0.4. 15.9),(22.4. 4.6. 0.0),27203,20/12/2020 23:32:58,
(31.9. 0.3. 18.3),(22.4. 324.6. 0.0),27203,20/12/2020 23:32:58,
(30.3. 0.2. 18.8),(24.2. 292.1. 0.0),27203,20/12/2020 23:32:58,
(29.5. 0.2. 18.9),(21.7. 271.4. 0.0),27203,20/12/2020 23:32:58,
(28.2. 0.1. 19.1),(15.5. 284.5. 0.0),27203,20/12/2020 23:32:59,
(26.0. 0.2. 19.5),(15.5. 267.6. 0.0),27203,20/12/2020 23:32:59,
(23.6. 0.2. 19.3),(15.9. 266.3. 0.0),27203,20/12/2020 23:32:59,
(21.5. 0.2. 19.1),(15.9. 266.3. 0.0),27203,20/12/2020 23:33:00,
(19.3. 0.4. 19.0),(15.9. 266.3. 0.0),27203,20/12/2020 23:33:00,
(17.2. 0.8. 18.5),(21.2. 230.8. 0.0),27203,20/12/2020 23:33:00,
(18.0. 0.6. 16.7),(35.5. 110.8. 0.0),27203,20/12/2020 23:33:01,
(20.1. 0.3. 16.0),(27.1. 105.6. 0.0),27203,20/12/2020 23:33:01,
(22.3. 0.4. 15.4),(16.0. 111.2. 0.0),27203,20/12/2020 23:33:01,
(24.2. 1.8. 14.4),(9.2. 121.3. 0.0),27203,20/12/2020 23:33:01,
(26.1. 3.0. 13.0),(358.9. 122.1. 0.0),27203,20/12/2020 23:33:02,
(28.1. 2.0. 11.8),(357.8. 127.6. 0.0),27203,20/12/2020 23:33:02,
(29.1. 0.5. 10.8),(359.2. 140.4. 0.0),27203,20/12/2020 23:33:02,
(29.1. 0.5. 10.8),(1.2. 142.9. 0.0),27203,20/12/2020 23:33:03,
(29.7. 0.8. 10.2),(14.6. 145.8. 0.0),27203,20/12/2020 23:33:03,
(30.7. 0.6. 8.2),(18.6. 151.5. 0.0),27203,20/12/2020 23:33:03,
(32.1. 2.6. 6.1),(19.2. 145.1. 0.0),27203,20/12/2020 23:33:04,
(33.5. 2.5. 4.1),(19.2. 145.1. 0.0),27203,20/12/2020 23:33:04,
(35.1. 0.6. 2.6),(20.1. 126.6. 0.0),27203,20/12/2020 23:33:04,
(36.0. 0.5. 1.9),(19.9. 125.5. 0.0),27203,20/12/2020 23:33:04,
(37.5. 1.0. 1.2),(17.2. 110.8. 0.0),27203,20/12/2020 23:33:05,
(39.6. 2.6. 0.4),(16.8. 110.6. 0.0),27203,20/12/2020 23:33:05,
(41.9. 2.1. -0.3),(16.4. 99.5. 0.0),27203,20/12/2020 23:33:05,
(43.8. 0.5. -0.5),(10.1. 87.9. 0.0),27203,20/12/2020 23:33:06,
(45.1. 0.6. -0.4),(3.3. 86.3. 0.0),27203,20/12/2020 23:33:06,
(46.9. 0.7. 0.0),(2.9. 54.4. 0.0),27203,20/12/2020 23:33:06,
(48.6. 0.4. 1.2),(1.6. 87.0. 0.0),27203,20/12/2020 23:33:07,
(50.6. 0.2. 1.4),(352.8. 86.2. 0.0),27203,20/12/2020 23:33:07,
(52.5. 0.5. 1.1),(6.5. 143.0. 0.0),27203,20/12/2020 23:33:07,
(52.0. 0.1. -0.8),(8.4. 212.0. 0.0),27203,20/12/2020 23:33:08,
(51.0. 0.1. -2.8),(7.1. 185.6. 0.0),27203,20/12/2020 23:33:08,
(52.6. 0.2. -3.8),(2.1. 65.6. 0.0),27203,20/12/2020 23:33:08,
(54.1. 0.3. -1.9),(1.4. 36.0. 0.0),27203,20/12/2020 23:33:08,
(55.8. 0.5. -0.5),(350.9. 65.1. 0.0),27203,20/12/2020 23:33:09,
(57.5. 0.7. 0.5),(350.1. 86.3. 0.0),27203,20/12/2020 23:33:09,
(59.8. 0.6. 0.6),(356.8. 89.0. 0.0),27203,20/12/2020 23:33:09,
(62.0. 0.4. 0.3),(22.4. 103.2. 0.0),27203,20/12/2020 23:33:10,
(64.4. 0.4. -0.1),(25.3. 96.8. 0.0),27203,20/12/2020 23:33:10,
(66.4. 1.8. -0.7),(19.6. 113.2. 0.0),27203,20/12/2020 23:33:10,
(68.7. 3.0. -1.9),(18.1. 125.5. 0.0),27203,20/12/2020 23:33:11,
(69.3. 3.4. -2.6),(21.1. 170.0. 0.0),27203,20/12/2020 23:33:11,
(70.2. 4.0. -3.2),(33.7. 94.5. 0.0),27203,20/12/2020 23:33:11,
(71.3. 4.0. -1.7),(33.7. 358.9. 0.0),27203,20/12/2020 23:33:11,
(71.2. 4.0. 0.7),(28.7. 358.4. 0.0),27203,20/12/2020 23:33:12,
(71.1. 4.0. 3.0),(28.3. 358.4. 0.0),27203,20/12/2020 23:33:12,
(71.1. 4.0. 5.1),(28.3. 358.4. 0.0),27203,20/12/2020 23:33:12,
(71.1. 4.0. 5.6),(18.2. 358.4. 0.0),27203,20/12/2020 23:33:13,
(71.1. 4.0. 5.6),(15.9. 358.4. 0.0),27203,20/12/2020 23:33:13,
(71.1. 4.0. 5.6),(15.8. 358.4. 0.0),27203,20/12/2020 23:33:13,
(71.1. 4.0. 5.6),(26.3. 358.4. 0.0),27203,20/12/2020 23:33:13,
(71.1. 4.0. 5.6),(30.5. 358.4. 0.0),27203,20/12/2020 23:33:14,
(71.1. 4.0. 5.6),(30.7. 358.4. 0.0),27203,20/12/2020 23:33:14,
(71.1. 4.0. 5.6),(30.7. 341.4. 0.0),27203,20/12/2020 23:33:14,
(71.0. 4.0. 5.9),(30.7. 341.4. 0.0),27203,20/12/2020 23:33:15,
(71.0. 4.0. 5.9),(30.7. 341.4. 0.0),27203,20/12/2020 23:33:15,
(71.0. 4.0. 5.9),(30.7. 341.4. 0.0),27203,20/12/2020 23:33:15,
(71.0. 4.0. 5.9),(30.8. 85.4. 0.0),27203,20/12/2020 23:33:16,
(72.5. 5.5. 6.0),(30.8. 86.0. 0.0),27203,20/12/2020 23:33:16,
(74.9. 6.6. 6.1),(30.8. 86.0. 0.0),27203,20/12/2020 23:33:16,
(77.3. 5.8. 6.3),(32.7. 86.1. 0.0),27203,20/12/2020 23:33:16,
(79.6. 3.3. 6.5),(33.7. 86.4. 0.0),27203,20/12/2020 23:33:17,
(79.8. 0.3. 6.6),(33.7. 86.4. 0.0),27203,20/12/2020 23:33:17,
(80.8. 0.3. 6.6),(28.3. 86.4. 0.0),27203,20/12/2020 23:33:17,
(80.8. 0.3. 6.6),(20.2. 86.4. 0.0),27203,20/12/2020 23:33:18,
(80.8. 0.3. 6.6),(12.3. 86.4. 0.0),27203,20/12/2020 23:33:18,
(80.8. 0.3. 6.6),(18.1. 86.4. 0.0),27203,20/12/2020 23:33:18,
(80.8. 0.3. 6.6),(16.7. 86.4. 0.0),27203,20/12/2020 23:33:19,
(80.8. 0.3. 6.6),(20.0. 86.4. 0.0),27203,20/12/2020 23:33:19,
(80.8. 0.3. 6.6),(18.0. 86.4. 0.0),27203,20/12/2020 23:33:19,
(70.0. 5.0. -4.0),(17.2. 0.0. 0.0),27203,20/12/2020 23:33:19,
(70.0. 4.0. -4.0),(17.6. 0.0. 0.0),27203,20/12/2020 23:33:20,
(70.0. 4.0. -4.0),(20.2. 0.0. 0.0),27203,20/12/2020 23:33:20,
(70.0. 4.0. -4.0),(26.5. 0.0. 0.0),27203,20/12/2020 23:33:20,
(70.0. 4.0. -4.0),(26.9. 0.0. 0.0),27203,20/12/2020 23:33:21,
(70.0. 4.0. -4.0),(26.7. 0.0. 0.0),27203,20/12/2020 23:33:21,
(70.0. 4.0. -4.0),(26.7. 0.0. 0.0),27203,20/12/2020 23:33:21,
(70.5. 4.0. -3.0),(26.4. 20.5. 0.0),27203,20/12/2020 23:33:22,
(70.3. 4.0. -0.6),(25.8. 352.0. 0.0),27203,20/12/2020 23:33:22,
(70.4. 4.0. 1.7),(22.3. 7.0. 0.0),27203,20/12/2020 23:33:22,
(70.7. 4.0. 3.8),(21.9. 7.1. 0.0),27203,20/12/2020 23:33:22,
(70.9. 4.0. 6.0),(21.9. 7.1. 0.0),27203,20/12/2020 23:33:23,
(71.1. 4.0. 7.4),(27.0. 7.1. 0.0),27203,20/12/2020 23:33:23,
(71.1. 4.0. 7.4),(28.6. 7.1. 0.0),27203,20/12/2020 23:33:23,
(71.1. 4.0. 7.4),(28.6. 7.1. 0.0),27203,20/12/2020 23:33:24,
(71.1. 4.0. 7.4),(28.5. 7.1. 0.0),27203,20/12/2020 23:33:24,
(71.1. 4.0. 7.4),(28.5. 7.1. 0.0),27203,20/12/2020 23:33:24,
(71.1. 4.0. 7.4),(28.5. 7.1. 0.0),27203,20/12/2020 23:33:25,
(71.1. 4.0. 7.4),(28.5. 7.1. 0.0),27203,20/12/2020 23:33:25,
(71.1. 4.0. 7.4),(28.2. 7.1. 0.0),27203,20/12/2020 23:33:25,
(71.1. 4.0. 7.4),(27.9. 7.1. 0.0),27203,20/12/2020 23:33:25,
(71.1. 4.0. 7.4),(27.9. 7.1. 0.0),27203,20/12/2020 23:33:26,
(71.1. 4.0. 7.4),(27.9. 7.1. 0.0),27203,20/12/2020 23:33:26,
(71.1. 4.0. 7.4),(27.9. 7.1. 0.0),27203,20/12/2020 23:33:26,
(71.1. 4.0. 7.4),(27.9. 7.1. 0.0),27203,20/12/2020 23:33:27,
(71.7. 4.4. 7.4),(27.9. 92.9. 0.0),27203,20/12/2020 23:33:27,
(73.9. 6.2. 7.3),(27.9. 92.9. 0.0),27203,20/12/2020 23:33:27,
(76.5. 6.2. 7.2),(27.9. 92.9. 0.0),27203,20/12/2020 23:33:28,
(77.6. 4.4. 7.1),(27.9. 92.9. 0.0),27203,20/12/2020 23:33:28,
(77.1. 4.0. 7.1),(27.9. 92.5. 0.0),27203,20/12/2020 23:33:28,
(77.8. 4.4. 7.0),(28.0. 92.5. 0.0),27203,20/12/2020 23:33:29,
(80.0. 6.2. 6.9),(28.0. 92.5. 0.0),27203,20/12/2020 23:33:29,
(81.5. 6.0. 7.1),(28.0. 319.1. 0.0),27203,20/12/2020 23:33:29,
(80.8. 6.0. 7.4),(28.0. 297.5. 0.0),27203,20/12/2020 23:33:29,
(81.3. 6.0. 7.5),(28.0. 92.5. 0.0),27203,20/12/2020 23:33:30,
(83.5. 7.7. 7.4),(28.0. 92.5. 0.0),27203,20/12/2020 23:33:30,
(85.9. 8.6. 7.3),(28.0. 92.5. 0.0),27203,20/12/2020 23:33:30,
(88.2. 7.7. 7.2),(28.0. 92.5. 0.0),27203,20/12/2020 23:33:31,
(90.6. 5.1. 7.1),(28.0. 92.5. 0.0),27203,20/12/2020 23:33:31,
(92.1. 4.0. 7.1),(28.0. 92.5. 0.0),27203,20/12/2020 23:33:31,
(92.1. 4.0. 7.1),(28.4. 92.5. 0.0),27203,20/12/2020 23:33:31,
(92.1. 4.0. 7.1),(28.5. 92.5. 0.0),27203,20/12/2020 23:33:32,
(92.1. 4.0. 7.1),(26.6. 92.5. 0.0),27203,20/12/2020 23:33:32,
(91.8. 4.0. 6.9),(26.7. 261.5. 0.0),27203,20/12/2020 23:33:32,
(91.6. 4.0. 6.9),(27.5. 261.5. 0.0),27203,20/12/2020 23:33:33,
(89.5. 6.2. 7.1),(27.5. 277.4. 0.0),27203,20/12/2020 23:33:33,
(87.1. 6.0. 7.4),(27.5. 277.4. 0.0),27203,20/12/2020 23:33:33,
(85.1. 4.0. 7.7),(27.6. 275.9. 0.0),27203,20/12/2020 23:33:34,
(84.1. 5.2. 7.3),(28.5. 239.2. 0.0),27203,20/12/2020 23:33:34,
(82.4. 6.5. 5.7),(28.4. 222.3. 0.0),27203,20/12/2020 23:33:34,
(81.2. 6.0. 4.4),(28.4. 222.2. 0.0),27203,20/12/2020 23:33:34,
(81.2. 6.0. 4.3),(28.1. 222.2. 0.0),27203,20/12/2020 23:33:35,
(80.4. 6.4. 4.4),(28.1. 276.3. 0.0),27203,20/12/2020 23:33:35,
(78.1. 8.3. 4.7),(28.1. 276.3. 0.0),27203,20/12/2020 23:33:35,
(75.9. 8.5. 4.9),(28.1. 276.3. 0.0),27203,20/12/2020 23:33:36,
(73.5. 6.9. 5.1),(28.1. 271.5. 0.0),27203,20/12/2020 23:33:36,
(71.3. 4.0. 5.0),(26.9. 271.6. 0.0),27203,20/12/2020 23:33:36,
(69.6. 5.2. 5.3),(15.5. 291.6. 0.0),27203,20/12/2020 23:33:37,
(67.3. 6.2. 5.9),(15.5. 278.7. 0.0),27203,20/12/2020 23:33:37,
(64.9. 5.0. 6.2),(16.0. 267.9. 0.0),27203,20/12/2020 23:33:37,
(62.5. 2.0. 5.7),(14.9. 256.3. 0.0),27203,20/12/2020 23:33:38,
(61.2. 0.3. 5.3),(14.8. 256.3. 0.0),27203,20/12/2020 23:33:38,
(59.2. 0.4. 4.8),(14.8. 256.3. 0.0),27203,20/12/2020 23:33:38,
(57.6. 0.5. 4.4),(14.7. 255.8. 0.0),27203,20/12/2020 23:33:38,
(55.3. 0.8. 3.8),(14.2. 250.0. 0.0),27203,20/12/2020 23:33:39,
(53.2. 0.7. 3.0),(14.1. 249.8. 0.0),27203,20/12/2020 23:33:39,
(51.2. 0.3. 2.3),(13.9. 251.4. 0.0),27203,20/12/2020 23:33:39,
(49.4. 0.1. 1.5),(13.9. 251.4. 0.0),27203,20/12/2020 23:33:40,
(47.6. 0.8. 0.8),(13.9. 252.0. 0.0),27203,20/12/2020 23:33:40,
(45.3. 0.6. 0.3),(13.9. 261.7. 0.0),27203,20/12/2020 23:33:40,
(43.1. 0.5. 0.1),(14.2. 271.8. 0.0),27203,20/12/2020 23:33:41,
(41.1. 2.4. 1.2),(17.7. 312.7. 0.0),27203,20/12/2020 23:33:41,
(39.5. 2.9. 2.7),(18.2. 313.0. 0.0),27203,20/12/2020 23:33:41,
(38.8. 1.4. 5.1),(18.7. 354.6. 0.0),27203,20/12/2020 23:33:41,
(38.2. 1.0. 6.0),(19.7. 298.7. 0.0),27203,20/12/2020 23:33:42,
(37.2. 0.7. 6.6),(19.8. 298.6. 0.0),27203,20/12/2020 23:33:42,
(35.3. 0.4. 7.6),(19.8. 298.6. 0.0),27203,20/12/2020 23:33:42,
(33.1. 0.6. 8.7),(19.8. 292.7. 0.0),27203,20/12/2020 23:33:43,
(31.2. 0.7. 9.5),(19.5. 292.9. 0.0),27203,20/12/2020 23:33:43,
(29.1. 0.6. 10.5),(18.2. 296.3. 0.0),27203,20/12/2020 23:33:43,
(27.0. 2.0. 11.5),(18.1. 296.3. 0.0),27203,20/12/2020 23:33:44,
(25.0. 2.5. 12.5),(18.1. 298.7. 0.0),27203,20/12/2020 23:33:44,
(22.9. 0.8. 13.9),(18.7. 303.6. 0.0),27203,20/12/2020 23:33:44,
(21.9. 0.6. 14.5),(18.7. 319.2. 0.0),27203,20/12/2020 23:33:44,
(21.1. 0.4. 15.7),(21.5. 317.1. 0.0),27203,20/12/2020 23:33:45,
(19.6. 0.4. 17.2),(21.9. 315.0. 0.0),27203,20/12/2020 23:33:45,
(17.9. 0.8. 18.7),(21.9. 283.0. 0.0),27203,20/12/2020 23:33:45,
(16.2. 0.8. 18.7),(25.6. 268.8. 0.0),27203,20/12/2020 23:33:46,
(16.2. 0.8. 18.8),(25.8. 283.3. 0.0),27203,20/12/2020 23:33:46,
(16.6. 0.8. 19.3),(23.9. 66.8. 0.0),27203,20/12/2020 23:33:46,
(18.6. 0.7. 19.6),(20.3. 111.4. 0.0),27203,20/12/2020 23:33:46,
(20.7. 0.3. 18.9),(19.3. 106.7. 0.0),27203,20/12/2020 23:33:47,
(22.9. 0.1. 18.7),(18.9. 88.9. 0.0),27203,20/12/2020 23:33:47,
(24.7. 0.5. 17.7),(18.9. 133.9. 0.0),27203,20/12/2020 23:33:47,
(26.3. 2.0. 16.1),(18.9. 133.9. 0.0),27203,20/12/2020 23:33:48,
(28.1. 2.8. 14.4),(18.9. 133.9. 0.0),27203,20/12/2020 23:33:48,
(29.8. 1.5. 12.7),(18.9. 133.9. 0.0),27203,20/12/2020 23:33:48,
(30.9. 0.6. 11.6),(10.4. 140.9. 0.0),27203,20/12/2020 23:33:49,
(31.7. 0.7. 10.6),(9.2. 140.9. 0.0),27203,20/12/2020 23:33:49,
(33.1. 0.6. 8.8),(9.2. 140.9. 0.0),27203,20/12/2020 23:33:49,
(34.5. 0.5. 7.1),(9.2. 141.0. 0.0),27203,20/12/2020 23:33:50,
(35.9. 0.5. 5.4),(11.4. 140.9. 0.0),27203,20/12/2020 23:33:50,
(37.2. 1.0. 3.7),(12.5. 140.4. 0.0),27203,20/12/2020 23:33:50,
(38.9. 2.7. 2.0),(16.9. 124.1. 0.0),27203,20/12/2020 23:33:50,
(41.0. 2.9. 0.9),(21.8. 117.2. 0.0),27203,20/12/2020 23:33:51,
(43.1. 1.0. -0.5),(20.3. 129.3. 0.0),27203,20/12/2020 23:33:51,
(44.0. 0.5. -1.5),(17.4. 143.5. 0.0),27203,20/12/2020 23:33:51,
(44.6. 0.6. -2.6),(16.4. 152.5. 0.0),27203,20/12/2020 23:33:52,
(45.5. 0.4. -4.8),(15.2. 161.2. 0.0),27203,20/12/2020 23:33:52,
(46.2. 0.3. -6.8),(15.1. 162.8. 0.0),27203,20/12/2020 23:33:52,
(46.7. 0.3. -9.0),(14.6. 165.8. 0.0),27203,20/12/2020 23:33:52,
(47.3. 0.3. -11.2),(14.6. 165.8. 0.0),27203,20/12/2020 23:33:53,
(47.9. 0.2. -13.4),(14.6. 165.8. 0.0),27203,20/12/2020 23:33:53,
(48.5. 0.3. -15.7),(14.6. 165.8. 0.0),27203,20/12/2020 23:33:53,
(49.1. 0.4. -17.8),(15.5. 159.6. 0.0),27203,20/12/2020 23:33:54,
(50.0. 0.4. -20.0),(16.9. 156.2. 0.0),27203,20/12/2020 23:33:54,
(50.9. 0.3. -22.0),(17.0. 156.2. 0.0),27203,20/12/2020 23:33:54,
(51.8. 1.4. -24.0),(17.0. 156.2. 0.0),27203,20/12/2020 23:33:55,
(53.2. 2.6. -25.7),(17.0. 111.2. 0.0),27203,20/12/2020 23:33:55,
(54.0. 2.9. -26.6),(17.0. 156.2. 0.0),27203,20/12/2020 23:33:55,
(54.5. 3.3. -27.9),(23.8. 127.2. 0.0),27203,20/12/2020 23:33:56,
(55.2. 3.9. -29.5),(27.7. 158.9. 0.0),27203,20/12/2020 23:33:56,
(56.0. 4.0. -31.6),(28.0. 159.0. 0.0),27203,20/12/2020 23:33:56,
(56.2. 4.0. -32.3),(29.8. 159.2. 0.0),27203,20/12/2020 23:33:56,
(56.4. 4.0. -32.8),(33.7. 160.4. 0.0),27203,20/12/2020 23:33:57,
(56.8. 4.0. -33.9),(33.7. 161.2. 0.0),27203,20/12/2020 23:33:57,
(56.8. 4.0. -34.0),(33.7. 165.1. 0.0),27203,20/12/2020 23:33:57,
(56.9. 4.0. -34.6),(33.7. 174.2. 0.0),27203,20/12/2020 23:33:58,
(56.9. 4.0. -34.8),(33.7. 174.5. 0.0),27203,20/12/2020 23:33:58,
(57.1. 4.0. -36.2),(33.7. 174.5. 0.0),27203,20/12/2020 23:33:58,
(57.1. 4.0. -36.2),(33.7. 174.5. 0.0),27203,20/12/2020 23:33:58,
(57.1. 4.0. -36.2),(33.7. 174.5. 0.0),27203,20/12/2020 23:33:59,
(57.1. 4.0. -36.8),(31.9. 182.5. 0.0),27203,20/12/2020 23:33:59,
(57.1. 4.0. -37.1),(24.1. 185.7. 0.0),27203,20/12/2020 23:33:59,
(56.7. 4.0. -37.1),(22.1. 262.5. 0.0),27203,20/12/2020 23:34:00,
(56.2. 4.0. -35.4),(23.7. 7.3. 0.0),27203,20/12/2020 23:34:00,
(56.2. 4.0. -35.4),(23.7. 359.3. 0.0),27203,20/12/2020 23:34:00,
(56.1. 5.2. -35.1),(23.9. 343.7. 0.0),27203,20/12/2020 23:34:01,
(55.6. 5.9. -33.4),(23.9. 343.7. 0.0),27203,20/12/2020 23:34:01,
(55.0. 4.4. -31.0),(24.7. 348.3. 0.0),27203,20/12/2020 23:34:01,
(54.8. 5.5. -29.0),(25.8. 355.5. 0.0),27203,20/12/2020 23:34:01,
(54.6. 5.9. -26.7),(26.0. 356.0. 0.0),27203,20/12/2020 23:34:02,
(54.3. 4.1. -24.1),(25.5. 340.2. 0.0),27203,20/12/2020 23:34:02,
(53.8. 0.8. -21.9),(21.7. 349.4. 0.0),27203,20/12/2020 23:34:02,
(53.5. 0.1. -20.3),(20.2. 349.8. 0.0),27203,20/12/2020 23:34:03,
(53.2. 0.1. -18.7),(19.7. 349.8. 0.0),27203,20/12/2020 23:34:03,
(53.5. 0.1. -16.8),(19.3. 45.8. 0.0),27203,20/12/2020 23:34:03,
(55.5. 0.6. -16.1),(20.8. 79.3. 0.0),27203,20/12/2020 23:34:04,
(58.0. 1.9. -15.7),(20.8. 79.5. 0.0),27203,20/12/2020 23:34:04,
(60.2. 1.0. -15.3),(20.8. 79.5. 0.0),27203,20/12/2020 23:34:04,
(61.8. 0.0. -15.0),(21.0. 77.5. 0.0),27203,20/12/2020 23:34:05,
(63.0. 0.0. -14.7),(21.2. 75.8. 0.0),27203,20/12/2020 23:34:05,
(6.0. 0.0. -35.0),(1.5. 310.0. 0.0),63472,20/12/2020 23:35:01,
(6.0. 0.0. -35.0),(1.5. 310.0. 0.0),63472,20/12/2020 23:35:02,
(6.0. 0.0. -35.0),(33.3. 310.0. 0.0),63472,20/12/2020 23:35:02,
(6.0. 0.0. -35.0),(32.5. 310.0. 0.0),63472,20/12/2020 23:35:02,
(6.0. 0.0. -35.0),(15.4. 310.0. 0.0),63472,20/12/2020 23:35:03,
(6.0. 0.0. -35.0),(351.6. 310.0. 0.0),63472,20/12/2020 23:35:03,
(6.0. 0.0. -35.0),(356.8. 310.0. 0.0),63472,20/12/2020 23:35:03,
(6.0. 0.0. -35.0),(7.4. 310.0. 0.0),63472,20/12/2020 23:35:03,
(5.8. 0.0. -34.4),(5.4. 344.6. 0.0),63472,20/12/2020 23:35:04,
(5.7. 0.0. -32.4),(7.4. 26.3. 0.0),63472,20/12/2020 23:35:04,
(7.1. 0.0. -30.6),(9.3. 18.8. 0.0),63472,20/12/2020 23:35:04,
(7.2. 0.0. -28.4),(8.4. 357.5. 0.0),63472,20/12/2020 23:35:05,
(5.8. 0.0. -26.6),(12.0. 315.1. 0.0),63472,20/12/2020 23:35:05,
(5.2. 0.0. -24.5),(12.3. 0.1. 0.0),63472,20/12/2020 23:35:05,
(5.2. 0.0. -22.3),(13.0. 345.6. 0.0),63472,20/12/2020 23:35:06,
(5.3. 0.0. -20.0),(12.8. 3.8. 0.0),63472,20/12/2020 23:35:06,
(5.6. 0.0. -17.8),(11.5. 21.7. 0.0),63472,20/12/2020 23:35:06,
(6.8. 0.0. -15.8),(11.2. 34.4. 0.0),63472,20/12/2020 23:35:06,
(7.9. 0.0. -13.8),(9.4. 12.4. 0.0),63472,20/12/2020 23:35:07,
(8.1. 0.0. -11.6),(7.9. 6.4. 0.0),63472,20/12/2020 23:35:07,
(8.4. 0.0. -9.3),(7.9. 6.4. 0.0),63472,20/12/2020 23:35:07,
(8.9. 0.0. -7.1),(9.2. 22.5. 0.0),63472,20/12/2020 23:35:08,
(9.7. 0.2. -5.0),(9.5. 20.0. 0.0),63472,20/12/2020 23:35:08,
(10.6. 2.0. -2.7),(9.4. 19.8. 0.0),63472,20/12/2020 23:35:08,
(10.1. 1.3. -0.4),(15.7. 355.9. 0.0),63472,20/12/2020 23:35:09,
(10.0. 0.1. 0.6),(17.2. 355.9. 0.0),63472,20/12/2020 23:35:09,
(10.0. 0.0. 0.6),(15.3. 41.5. 0.0),63472,20/12/2020 23:35:09,
(11.2. 2.0. 0.9),(14.7. 80.1. 0.0),63472,20/12/2020 23:35:09,
(13.5. 2.0. 1.1),(15.7. 88.1. 0.0),63472,20/12/2020 23:35:10,
(15.9. 0.2. 1.0),(16.5. 94.6. 0.0),63472,20/12/2020 23:35:10,
(17.0. 0.0. 0.9),(16.6. 90.4. 0.0),63472,20/12/2020 23:35:10,
(18.5. 0.0. 1.1),(16.1. 84.8. 0.0),63472,20/12/2020 23:35:11,
(20.8. 0.0. 0.8),(16.4. 102.5. 0.0),63472,20/12/2020 23:35:11,
(23.0. 0.0. 0.4),(17.3. 97.9. 0.0),63472,20/12/2020 23:35:11,
(25.3. 0.0. 0.3),(18.5. 92.1. 0.0),63472,20/12/2020 23:35:12,
(27.5. 0.1. 0.2),(19.4. 90.1. 0.0),63472,20/12/2020 23:35:12,
(29.8. 0.3. 0.4),(24.4. 84.4. 0.0),63472,20/12/2020 23:35:12,
(30.7. 0.3. 0.5),(24.9. 124.4. 0.0),63472,20/12/2020 23:35:12,
(31.2. 0.3. -0.1),(32.9. 155.2. 0.0),63472,20/12/2020 23:35:13,
(31.5. 0.3. -1.3),(33.7. 156.8. 0.0),63472,20/12/2020 23:35:13,
(31.6. 0.3. -1.3),(31.8. 78.5. 0.0),63472,20/12/2020 23:35:13,
(32.0. 0.3. -1.2),(29.9. 72.7. 0.0),63472,20/12/2020 23:35:14,
(32.3. 0.3. -1.1),(31.8. 49.4. 0.0),63472,20/12/2020 23:35:14,
(32.7. 0.3. -0.4),(33.7. 19.3. 0.0),63472,20/12/2020 23:35:14,
(33.1. 0.3. 0.3),(33.6. 19.7. 0.0),63472,20/12/2020 23:35:15,
(32.8. 0.3. 1.4),(33.7. 344.4. 0.0),63472,20/12/2020 23:35:15,
(32.8. 0.3. 1.5),(26.3. 91.0. 0.0),63472,20/12/2020 23:35:15,
(33.5. 0.3. 1.5),(25.2. 90.6. 0.0),63472,20/12/2020 23:35:15,
(33.7. 0.3. 1.5),(27.4. 72.1. 0.0),63472,20/12/2020 23:35:16,
(35.7. 0.5. 1.8),(25.2. 111.5. 0.0),63472,20/12/2020 23:35:16,
(37.5. 0.6. 0.7),(16.2. 107.4. 0.0),63472,20/12/2020 23:35:16,
(39.4. 0.5. -0.1),(16.1. 109.4. 0.0),63472,20/12/2020 23:35:17,
(41.5. 0.5. -1.0),(18.9. 115.8. 0.0),63472,20/12/2020 23:35:17,
(43.2. 2.2. -2.6),(18.8. 152.1. 0.0),63472,20/12/2020 23:35:17,
(43.7. 2.3. -4.9),(18.0. 174.6. 0.0),63472,20/12/2020 23:35:18,
(44.7. 0.4. -6.9),(16.4. 133.6. 0.0),63472,20/12/2020 23:35:18,
(44.7. 0.2. -8.0),(14.7. 194.8. 0.0),63472,20/12/2020 23:35:18,
(44.3. 0.2. -9.5),(14.4. 192.5. 0.0),63472,20/12/2020 23:35:18,
(44.0. 0.4. -11.7),(15.5. 184.0. 0.0),63472,20/12/2020 23:35:19,
(43.7. 0.6. -14.0),(16.9. 189.9. 0.0),63472,20/12/2020 23:35:19,
(43.5. 0.5. -14.7),(20.5. 195.1. 0.0),63472,20/12/2020 23:35:19,
(43.2. 0.5. -15.6),(33.0. 208.4. 0.0),63472,20/12/2020 23:35:20,
(42.9. 0.4. -16.1),(33.7. 256.7. 0.0),63472,20/12/2020 23:35:20,
(42.2. 0.3. -16.3),(33.7. 255.7. 0.0),63472,20/12/2020 23:35:20,
(40.6. 0.4. -16.8),(33.3. 249.5. 0.0),63472,20/12/2020 23:35:21,
(40.6. 0.4. -16.8),(32.5. 211.8. 0.0),63472,20/12/2020 23:35:21,
(40.3. 0.5. -17.6),(28.9. 197.1. 0.0),63472,20/12/2020 23:35:21,
(40.3. 0.5. -17.6),(28.7. 197.1. 0.0),63472,20/12/2020 23:35:21,
(40.5. 0.5. -17.9),(25.3. 99.1. 0.0),63472,20/12/2020 23:35:22,
(40.9. 0.5. -17.7),(27.7. 47.9. 0.0),63472,20/12/2020 23:35:22,
(41.5. 0.4. -17.2),(28.0. 50.0. 0.0),63472,20/12/2020 23:35:22,
(42.0. 0.4. -17.4),(358.5. 120.4. 0.0),63472,20/12/2020 23:35:23,
(43.9. 0.6. -18.6),(354.6. 109.6. 0.0),63472,20/12/2020 23:35:23,
(46.1. 0.4. -19.1),(18.3. 115.7. 0.0),63472,20/12/2020 23:35:23,
(47.5. 0.3. -21.0),(33.6. 172.7. 0.0),63472,20/12/2020 23:35:24,
(46.8. 0.3. -22.5),(29.3. 244.5. 0.0),63472,20/12/2020 23:35:24,
(46.4. 0.4. -22.7),(28.9. 244.6. 0.0),63472,20/12/2020 23:35:24,
(45.8. 0.4. -23.0),(28.9. 244.6. 0.0),63472,20/12/2020 23:35:24,
(45.0. 0.5. -23.4),(24.7. 279.3. 0.0),63472,20/12/2020 23:35:25,
(44.7. 0.5. -23.3),(17.4. 269.5. 0.0),63472,20/12/2020 23:35:25,
(42.5. 0.7. -23.9),(18.0. 264.0. 0.0),63472,20/12/2020 23:35:25,
(40.3. 0.6. -24.0),(19.3. 269.0. 0.0),63472,20/12/2020 23:35:26,
(38.1. 0.3. -23.9),(19.2. 274.3. 0.0),63472,20/12/2020 23:35:26,
(35.9. 1.9. -23.6),(19.2. 276.1. 0.0),63472,20/12/2020 23:35:26,
(33.9. 2.3. -22.6),(20.6. 315.1. 0.0),63472,20/12/2020 23:35:27,
(31.8. 0.7. -21.5),(33.4. 288.4. 0.0),63472,20/12/2020 23:35:27,
(30.4. -1.2. -21.0),(33.7. 288.0. 0.0),63472,20/12/2020 23:35:27,
(30.4. -1.8. -21.0),(32.6. 288.0. 0.0),63472,20/12/2020 23:35:27,
(30.4. -1.8. -21.0),(23.1. 288.0. 0.0),63472,20/12/2020 23:35:28,
(30.4. -1.8. -21.0),(19.7. 288.0. 0.0),63472,20/12/2020 23:35:28,
(30.4. -1.8. -21.0),(17.6. 288.0. 0.0),63472,20/12/2020 23:35:28,
(30.4. -1.8. -21.0),(17.5. 288.0. 0.0),63472,20/12/2020 23:35:29,
(30.4. -1.8. -21.0),(17.5. 288.0. 0.0),63472,20/12/2020 23:35:29,
(30.4. -1.8. -21.0),(17.5. 288.0. 0.0),63472,20/12/2020 23:35:29,
(30.4. -1.8. -21.0),(17.5. 288.0. 0.0),63472,20/12/2020 23:35:30,
(26.0. 0.0. 1.0),(17.5. 90.0. 0.0),63472,20/12/2020 23:35:30,
(26.0. 0.0. 1.0),(17.5. 90.0. 0.0),63472,20/12/2020 23:35:30,
(26.0. 0.0. 1.0),(17.5. 90.0. 0.0),63472,20/12/2020 23:35:30,
(26.0. 0.0. 1.0),(17.5. 90.0. 0.0),63472,20/12/2020 23:35:31,
(26.0. 0.0. 1.0),(17.5. 90.0. 0.0),63472,20/12/2020 23:35:31,
(26.0. 0.0. 1.0),(17.5. 90.0. 0.0),63472,20/12/2020 23:35:31,
(26.4. 0.1. 1.1),(17.5. 74.2. 0.0),63472,20/12/2020 23:35:32,
(28.5. 0.1. 0.6),(17.5. 119.2. 0.0),63472,20/12/2020 23:35:32,
(30.5. 0.3. -0.1),(17.5. 74.2. 0.0),63472,20/12/2020 23:35:32,
(32.7. 0.3. 0.6),(17.5. 74.2. 0.0),63472,20/12/2020 23:35:33,
(34.8. 0.4. -0.1),(17.2. 118.7. 0.0),63472,20/12/2020 23:35:33,
(36.8. 0.7. -1.0),(16.9. 108.1. 0.0),63472,20/12/2020 23:35:33,
(38.9. 0.5. -1.7),(17.0. 107.8. 0.0),63472,20/12/2020 23:35:33,
(41.0. 1.7. -2.5),(16.6. 114.3. 0.0),63472,20/12/2020 23:35:34,
(43.2. 2.6. -3.5),(16.4. 114.3. 0.0),63472,20/12/2020 23:35:34,
(45.1. 1.4. -4.9),(12.4. 143.4. 0.0),63472,20/12/2020 23:35:34,
(46.0. 0.3. -6.2),(9.4. 155.4. 0.0),63472,20/12/2020 23:35:35,
(46.5. 0.3. -7.4),(7.8. 157.4. 0.0),63472,20/12/2020 23:35:35,
(47.3. 0.3. -9.4),(7.7. 173.4. 0.0),63472,20/12/2020 23:35:35,
(46.5. 0.3. -11.5),(7.7. 202.4. 0.0),63472,20/12/2020 23:35:36,
(46.9. 0.4. -13.6),(7.7. 157.4. 0.0),63472,20/12/2020 23:35:36,
(47.7. 0.4. -15.7),(7.7. 159.6. 0.0),63472,20/12/2020 23:35:36,
(48.6. 0.5. -17.8),(8.0. 156.8. 0.0),63472,20/12/2020 23:35:36,
(49.4. 0.4. -19.9),(7.8. 158.8. 0.0),63472,20/12/2020 23:35:37,
(50.2. 0.3. -22.0),(8.1. 158.8. 0.0),63472,20/12/2020 23:35:37,
(51.3. 2.4. -24.2),(21.9. 147.1. 0.0),63472,20/12/2020 23:35:37,
(52.7. 2.5. -26.1),(33.7. 142.0. 0.0),63472,20/12/2020 23:35:38,
(53.4. 2.5. -27.1),(27.3. 135.2. 0.0),63472,20/12/2020 23:35:38,
(54.0. 2.9. -28.1),(25.0. 135.5. 0.0),63472,20/12/2020 23:35:38,
(54.9. 3.6. -29.6),(25.1. 134.8. 0.0),63472,20/12/2020 23:35:39,
(54.9. 3.6. -29.6),(24.5. 145.5. 0.0),63472,20/12/2020 23:35:39,
(55.4. 4.0. -29.7),(24.7. 96.5. 0.0),63472,20/12/2020 23:35:39,
(56.9. 4.0. -31.1),(25.9. 155.9. 0.0),63472,20/12/2020 23:35:39,
(57.2. 4.0. -32.0),(27.5. 169.2. 0.0),63472,20/12/2020 23:35:40,
(57.3. 4.0. -32.6),(29.9. 172.4. 0.0),63472,20/12/2020 23:35:40,
(57.4. 4.0. -33.4),(30.4. 173.3. 0.0),63472,20/12/2020 23:35:40,
(57.5. 4.0. -34.4),(33.3. 183.7. 0.0),63472,20/12/2020 23:35:41,
(57.3. 4.0. -35.4),(33.7. 195.4. 0.0),63472,20/12/2020 23:35:41,
(57.1. 4.0. -36.3),(33.3. 187.6. 0.0),63472,20/12/2020 23:35:41,
(57.1. 4.0. -36.3),(33.0. 187.4. 0.0),63472,20/12/2020 23:35:42,
(57.0. 4.0. -36.5),(29.4. 187.4. 0.0),63472,20/12/2020 23:35:42,
(57.1. 4.0. -37.1),(23.0. 176.6. 0.0),63472,20/12/2020 23:35:42,
(56.6. 4.0. -37.1),(22.3. 231.2. 0.0),63472,20/12/2020 23:35:42,
(54.9. 4.0. -36.2),(25.8. 351.1. 0.0),63472,20/12/2020 23:35:43,
(54.6. 4.0. -34.0),(24.0. 324.3. 0.0),63472,20/12/2020 23:35:43,
(53.8. 5.2. -31.8),(18.7. 342.4. 0.0),63472,20/12/2020 23:35:43,
(53.1. 6.1. -29.5),(18.4. 342.4. 0.0),63472,20/12/2020 23:35:44,
(52.4. 4.8. -27.2),(18.4. 342.4. 0.0),63472,20/12/2020 23:35:44,
(51.7. 1.7. -24.9),(16.1. 345.7. 0.0),63472,20/12/2020 23:35:44,
(51.4. 0.3. -23.5),(14.8. 345.8. 0.0),63472,20/12/2020 23:35:45,
(50.9. 0.3. -21.5),(12.6. 345.8. 0.0),63472,20/12/2020 23:35:45,
(50.3. 0.4. -19.9),(12.5. 323.4. 0.0),63472,20/12/2020 23:35:45,
(48.9. 0.5. -18.2),(15.6. 314.8. 0.0),63472,20/12/2020 23:35:45,
(47.2. 0.5. -16.6),(18.4. 312.7. 0.0),63472,20/12/2020 23:35:46,
(45.6. 0.6. -15.0),(28.0. 317.8. 0.0),63472,20/12/2020 23:35:46,
(44.2. 0.5. -13.3),(30.0. 323.7. 0.0),63472,20/12/2020 23:35:46,
(43.1. 1.8. -11.2),(30.6. 335.1. 0.0),63472,20/12/2020 23:35:47,
(42.4. 3.0. -9.0),(32.9. 16.8. 0.0),63472,20/12/2020 23:35:47,
(43.7. 2.4. -7.0),(33.5. 39.1. 0.0),63472,20/12/2020 23:35:47,
(45.1. 0.3. -5.3),(29.1. 32.9. 0.0),63472,20/12/2020 23:35:48,
(45.0. 0.4. -4.2),(19.2. 326.1. 0.0),63472,20/12/2020 23:35:48,
(44.0. 1.6. -2.8),(18.1. 322.4. 0.0),63472,20/12/2020 23:35:48,
(42.5. 2.8. -1.0),(18.1. 317.5. 0.0),63472,20/12/2020 23:35:48,
(40.8. 1.8. 0.8),(18.1. 315.0. 0.0),63472,20/12/2020 23:35:49,
(39.9. -0.4. 2.5),(18.5. 9.5. 0.0),63472,20/12/2020 23:35:49,
(40.3. -0.3. 4.2),(20.2. 9.5. 0.0),63472,20/12/2020 23:35:49,
(40.7. 0.0. 5.8),(20.3. 9.5. 0.0),63472,20/12/2020 23:35:50,
(41.8. -0.1. 7.4),(18.9. 41.5. 0.0),63472,20/12/2020 23:35:50,
(42.9. -0.2. 9.3),(18.8. 50.2. 0.0),63472,20/12/2020 23:35:50,
(44.6. -0.7. 10.2),(18.8. 32.0. 0.0),63472,20/12/2020 23:35:51,
(44.6. -0.7. 10.2),(18.8. 32.0. 0.0),63472,20/12/2020 23:35:51,
(44.6. -0.7. 10.2),(18.6. 32.0. 0.0),63472,20/12/2020 23:35:51,
(44.6. -0.7. 10.2),(17.3. 32.0. 0.0),63472,20/12/2020 23:35:51,
(44.6. -0.7. 10.2),(15.8. 32.0. 0.0),63472,20/12/2020 23:35:52,
(44.6. -0.7. 10.2),(15.9. 32.0. 0.0),63472,20/12/2020 23:35:52,
(44.6. -0.7. 10.2),(16.6. 32.0. 0.0),63472,20/12/2020 23:35:52,
(44.6. -0.7. 10.2),(16.7. 32.0. 0.0),63472,20/12/2020 23:35:53,
(56.8. 4.5. -28.0),(16.7. 90.0. 0.0),63472,20/12/2020 23:35:53,
(56.8. 4.0. -28.0),(16.7. 90.0. 0.0),63472,20/12/2020 23:35:53,
(56.8. 4.0. -28.0),(16.7. 90.0. 0.0),63472,20/12/2020 23:35:54,
(56.8. 4.0. -28.0),(16.7. 90.0. 0.0),63472,20/12/2020 23:35:54,
(56.8. 4.0. -28.0),(16.6. 90.0. 0.0),63472,20/12/2020 23:35:54,
(56.8. 4.0. -28.0),(16.5. 90.0. 0.0),63472,20/12/2020 23:35:54,
(56.8. 4.0. -28.0),(16.5. 46.8. 0.0),63472,20/12/2020 23:35:55,
(56.0. 4.0. -26.6),(16.5. 319.4. 0.0),63472,20/12/2020 23:35:55,
(54.4. 2.6. -24.8),(16.5. 319.4. 0.0),63472,20/12/2020 23:35:55,
(53.3. 0.5. -23.5),(17.3. 319.4. 0.0),63472,20/12/2020 23:35:56,
(52.0. 0.4. -22.0),(16.5. 319.4. 0.0),63472,20/12/2020 23:35:56,
(50.9. 0.3. -20.7),(16.5. 319.4. 0.0),63472,20/12/2020 23:35:56,
(49.5. 0.4. -19.1),(16.5. 319.4. 0.0),63472,20/12/2020 23:35:57,
(48.1. 0.4. -17.4),(16.5. 319.4. 0.0),63472,20/12/2020 23:35:57,
(46.4. 0.7. -15.9),(18.4. 303.6. 0.0),63472,20/12/2020 23:35:57,
(44.5. 0.6. -14.7),(19.5. 296.4. 0.0),63472,20/12/2020 23:35:57,
(42.4. 0.5. -13.7),(19.8. 298.1. 0.0),63472,20/12/2020 23:35:58,
(40.5. 0.5. -12.7),(19.8. 298.7. 0.0),63472,20/12/2020 23:35:58,
(38.4. 2.4. -11.5),(19.8. 298.7. 0.0),63472,20/12/2020 23:35:58,
(36.3. 1.9. -10.3),(19.8. 298.7. 0.0),63472,20/12/2020 23:35:59,
(34.5. 0.3. -9.3),(19.1. 304.8. 0.0),63472,20/12/2020 23:35:59,
(33.6. 0.3. -8.4),(16.4. 317.0. 0.0),63472,20/12/2020 23:35:59,
(32.6. 0.3. -7.1),(18.7. 329.3. 0.0),63472,20/12/2020 23:36:00,
(31.6. 0.4. -5.0),(20.1. 337.8. 0.0),63472,20/12/2020 23:36:00,
(30.8. 0.2. -2.9),(20.2. 338.0. 0.0),63472,20/12/2020 23:36:00,
(30.0. 0.3. -0.8),(20.3. 345.9. 0.0),63472,20/12/2020 23:36:00,
(29.6. 0.2. 1.4),(20.5. 348.2. 0.0),63472,20/12/2020 23:36:01,
(29.1. 0.1. 3.7),(19.9. 345.3. 0.0),63472,20/12/2020 23:36:01,
(28.4. 1.8. 5.9),(21.3. 340.8. 0.0),63472,20/12/2020 23:36:01,
(27.6. 2.4. 8.2),(23.4. 339.2. 0.0),63472,20/12/2020 23:36:02,
(26.9. 0.9. 10.4),(25.1. 349.1. 0.0),63472,20/12/2020 23:36:02,
(26.7. 0.3. 11.8),(27.5. 355.7. 0.0),63472,20/12/2020 23:36:02,
(26.6. 0.3. 12.7),(29.1. 357.0. 0.0),63472,20/12/2020 23:36:03,
(26.6. 0.3. 12.7),(28.4. 357.0. 0.0),63472,20/12/2020 23:36:03,
(26.6. 0.3. 13.2),(29.1. 356.6. 0.0),63472,20/12/2020 23:36:03,
(25.5. 0.5. 14.6),(24.3. 291.3. 0.0),63472,20/12/2020 23:36:03,
(24.2. 0.5. 16.3),(22.9. 335.1. 0.0),63472,20/12/2020 23:36:04,
(23.3. 0.3. 18.4),(22.9. 335.1. 0.0),63472,20/12/2020 23:36:04,
(22.4. 0.2. 20.4),(22.9. 335.1. 0.0),63472,20/12/2020 23:36:04,
(21.5. 0.2. 22.4),(22.9. 335.1. 0.0),63472,20/12/2020 23:36:05,
(21.0. 0.3. 23.4),(22.9. 335.1. 0.0),63472,20/12/2020 23:36:05,
(21.0. 0.3. 23.4),(25.6. 335.1. 0.0),63472,20/12/2020 23:36:05,
(21.4. 0.2. 23.1),(31.3. 93.8. 0.0),63472,20/12/2020 23:36:06,
(23.2. 0.2. 22.4),(29.9. 147.2. 0.0),63472,20/12/2020 23:36:06,
(24.0. 0.3. 20.9),(30.8. 154.3. 0.0),63472,20/12/2020 23:36:06,
(24.0. 0.3. 20.9),(31.9. 296.9. 0.0),63472,20/12/2020 23:36:06,
(23.2. 0.3. 21.3),(27.3. 296.9. 0.0),63472,20/12/2020 23:36:07,
(23.2. 0.3. 21.3),(19.7. 296.9. 0.0),63472,20/12/2020 23:36:07,
(23.4. 0.2. 21.1),(25.7. 119.6. 0.0),63472,20/12/2020 23:36:07,
(25.3. 0.2. 20.1),(30.3. 116.8. 0.0),63472,20/12/2020 23:36:08,
(27.5. 0.1. 20.0),(33.1. 83.9. 0.0),63472,20/12/2020 23:36:08,
(29.7. 0.1. 20.3),(32.8. 83.4. 0.0),63472,20/12/2020 23:36:08,
(30.6. 0.1. 20.0),(32.8. 143.3. 0.0),63472,20/12/2020 23:36:09,
(29.6. 0.2. 18.7),(25.6. 263.3. 0.0),63472,20/12/2020 23:36:09,
(27.5. 0.2. 19.4),(23.2. 278.7. 0.0),63472,20/12/2020 23:36:09,
(25.3. 0.3. 19.2),(23.1. 233.7. 0.0),63472,20/12/2020 23:36:09,
(23.4. 0.3. 18.4),(23.1. 278.7. 0.0),63472,20/12/2020 23:36:10,
(21.2. 0.2. 18.6),(23.1. 278.6. 0.0),63472,20/12/2020 23:36:10,
(19.0. 0.5. 18.9),(24.4. 276.8. 0.0),63472,20/12/2020 23:36:10,
(17.2. 0.9. 19.1),(31.3. 270.8. 0.0),63472,20/12/2020 23:36:11,
(17.2. 0.8. 18.8),(33.7. 237.1. 0.0),63472,20/12/2020 23:36:11,
(17.2. 0.6. 17.2),(33.7. 224.0. 0.0),63472,20/12/2020 23:36:11,
(16.4. 0.6. 15.7),(33.4. 245.8. 0.0),63472,20/12/2020 23:36:12,
(14.8. 0.5. 16.0),(27.3. 350.0. 0.0),63472,20/12/2020 23:36:12,
(16.3. 0.6. 16.0),(22.9. 85.3. 0.0),63472,20/12/2020 23:36:12,
(18.7. 0.5. 15.8),(20.2. 94.0. 0.0),63472,20/12/2020 23:36:13,
(20.7. 0.2. 16.4),(16.3. 80.9. 0.0),63472,20/12/2020 23:36:13,
(22.8. 0.4. 15.9),(11.2. 122.4. 0.0),63472,20/12/2020 23:36:13,
(24.4. 0.6. 14.3),(7.5. 142.6. 0.0),63472,20/12/2020 23:36:13,
(25.4. 0.4. 12.3),(6.3. 155.8. 0.0),63472,20/12/2020 23:36:14,
(26.3. 1.9. 10.2),(15.9. 156.2. 0.0),63472,20/12/2020 23:36:14,
(27.3. 2.6. 8.0),(27.2. 158.5. 0.0),63472,20/12/2020 23:36:14,
(28.1. 1.3. 5.7),(30.6. 159.5. 0.0),63472,20/12/2020 23:36:15,
(28.6. 0.1. 4.2),(29.3. 167.1. 0.0),63472,20/12/2020 23:36:15,
(28.8. 0.1. 3.0),(21.8. 171.5. 0.0),63472,20/12/2020 23:36:15,
(28.9. 0.1. 0.9),(19.8. 184.7. 0.0),63472,20/12/2020 23:36:15,
(28.7. 0.9. -1.4),(19.7. 185.3. 0.0),63472,20/12/2020 23:36:16,
(29.4. 2.2. -3.6),(24.6. 144.6. 0.0),63472,20/12/2020 23:36:16,
(28.8. 1.3. -5.8),(33.7. 208.9. 0.0),63472,20/12/2020 23:36:16,
(28.0. 0.1. -6.9),(32.7. 218.1. 0.0),63472,20/12/2020 23:36:17,
(28.0. 0.1. -6.9),(33.1. 220.3. 0.0),63472,20/12/2020 23:36:17,
(27.6. 0.1. -7.3),(33.1. 220.3. 0.0),63472,20/12/2020 23:36:17,
(27.5. 0.1. -7.5),(33.1. 220.3. 0.0),63472,20/12/2020 23:36:18,
(26.3. -0.2. -9.3),(31.8. 207.9. 0.0),63472,20/12/2020 23:36:18,
(27.4. -0.3. -10.8),(22.8. 88.0. 0.0),63472,20/12/2020 23:36:18,
(29.5. -0.2. -9.9),(16.6. 56.8. 0.0),63472,20/12/2020 23:36:18,
(31.0. 0.2. -8.4),(17.1. 24.7. 0.0),63472,20/12/2020 23:36:19,
(31.2. 0.3. -6.2),(18.9. 355.0. 0.0),63472,20/12/2020 23:36:19,
(31.0. 0.3. -4.0),(18.8. 354.4. 0.0),63472,20/12/2020 23:36:19,
(30.6. 0.2. -1.7),(16.5. 347.7. 0.0),63472,20/12/2020 23:36:20,
(30.0. 0.3. 0.5),(17.3. 343.2. 0.0),63472,20/12/2020 23:36:20,
(29.4. 0.2. 2.6),(17.7. 340.6. 0.0),63472,20/12/2020 23:36:20,
(28.6. 1.2. 4.8),(18.1. 339.7. 0.0),63472,20/12/2020 23:36:21,
(27.6. 2.3. 7.0),(21.7. 325.3. 0.0),63472,20/12/2020 23:36:21,
(26.5. 2.0. 8.2),(27.4. 315.2. 0.0),63472,20/12/2020 23:36:21,
(25.0. 0.3. 9.6),(27.2. 315.3. 0.0),63472,20/12/2020 23:36:21,
(23.4. 1.9. 11.4),(17.2. 316.6. 0.0),63472,20/12/2020 23:36:22,
(21.7. 1.1. 13.1),(13.9. 316.6. 0.0),63472,20/12/2020 23:36:22,
(20.8. 0.7. 14.1),(13.8. 317.3. 0.0),63472,20/12/2020 23:36:22,
(19.9. 0.6. 15.0),(13.9. 317.6. 0.0),63472,20/12/2020 23:36:23,
(18.3. 0.6. 16.7),(16.9. 315.3. 0.0),63472,20/12/2020 23:36:23,
(17.2. 0.8. 18.4),(29.3. 340.9. 0.0),63472,20/12/2020 23:36:23,
(17.2. 0.9. 19.0),(33.6. 270.6. 0.0),63472,20/12/2020 23:36:24,
(17.2. 0.8. 18.9),(33.3. 265.5. 0.0),63472,20/12/2020 23:36:24,
(17.2. 0.8. 18.7),(33.2. 281.5. 0.0),63472,20/12/2020 23:36:24,
(17.2. 0.9. 19.3),(33.2. 265.5. 0.0),63472,20/12/2020 23:36:24,
(17.2. 0.9. 19.0),(33.2. 263.5. 0.0),63472,20/12/2020 23:36:25,
(16.5. 1.0. 18.8),(33.2. 263.4. 0.0),63472,20/12/2020 23:36:25,
(16.2. 0.8. 19.2),(33.2. 327.6. 0.0),63472,20/12/2020 23:36:25,
(16.0. 0.7. 20.0),(29.3. 32.9. 0.0),63472,20/12/2020 23:36:26,
(17.3. 0.9. 19.3),(25.0. 114.9. 0.0),63472,20/12/2020 23:36:26,
(19.4. 0.4. 18.7),(21.8. 105.8. 0.0),63472,20/12/2020 23:36:26,
(21.2. 0.1. 17.5),(18.5. 123.3. 0.0),63472,20/12/2020 23:36:27,
(22.5. 0.4. 15.8),(8.9. 124.4. 0.0),63472,20/12/2020 23:36:27,
(24.4. 0.6. 14.5),(7.9. 124.4. 0.0),63472,20/12/2020 23:36:27,
(26.2. 0.4. 13.3),(7.9. 124.4. 0.0),63472,20/12/2020 23:36:27,
(28.1. 0.4. 12.1),(8.2. 124.4. 0.0),63472,20/12/2020 23:36:28,
(29.9. 0.7. 10.8),(10.3. 124.4. 0.0),63472,20/12/2020 23:36:28,
(31.7. 0.7. 9.6),(16.2. 123.7. 0.0),63472,20/12/2020 23:36:28,
(33.6. 0.5. 8.3),(22.5. 118.2. 0.0),63472,20/12/2020 23:36:29,
(35.7. 0.4. 7.5),(27.9. 109.9. 0.0),63472,20/12/2020 23:36:29,
(37.8. 0.8. 6.8),(28.2. 109.1. 0.0),63472,20/12/2020 23:36:29,
(40.0. 1.7. 6.1),(28.2. 107.6. 0.0),63472,20/12/2020 23:36:30,
(42.3. 3.2. 5.4),(28.2. 107.5. 0.0),63472,20/12/2020 23:36:30,
(44.5. 3.0. 4.6),(28.0. 107.1. 0.0),63472,20/12/2020 23:36:30,
(46.9. 1.0. 4.1),(15.4. 100.2. 0.0),63472,20/12/2020 23:36:30,
(48.3. 0.3. 3.9),(4.9. 97.2. 0.0),63472,20/12/2020 23:36:31,
(50.1. 0.1. 3.6),(1.3. 97.2. 0.0),63472,20/12/2020 23:36:31,
(51.7. 0.6. 3.4),(1.1. 84.7. 0.0),63472,20/12/2020 23:36:31,
(53.9. 0.8. 3.7),(4.0. 83.9. 0.0),63472,20/12/2020 23:36:32,
(56.2. 0.8. 3.9),(9.2. 87.9. 0.0),63472,20/12/2020 23:36:32,
(58.4. 0.4. 3.8),(11.0. 92.8. 0.0),63472,20/12/2020 23:36:32,
(60.6. 0.4. 3.3),(11.4. 110.6. 0.0),63472,20/12/2020 23:36:33,
(62.7. 0.5. 2.4),(11.0. 114.8. 0.0),63472,20/12/2020 23:36:33,
(64.7. 0.4. 1.4),(10.8. 118.7. 0.0),63472,20/12/2020 23:36:33,
(66.7. 2.5. 0.2),(11.2. 119.7. 0.0),63472,20/12/2020 23:36:33,
(68.6. 2.9. -1.2),(18.3. 163.1. 0.0),63472,20/12/2020 23:36:34,
(69.1. 3.2. -2.3),(30.1. 160.0. 0.0),63472,20/12/2020 23:36:34,
(70.0. 4.0. -2.7),(33.1. 77.7. 0.0),63472,20/12/2020 23:36:34,
(71.4. 4.0. -1.0),(26.1. 14.2. 0.0),63472,20/12/2020 23:36:35,
(71.0. 4.0. 1.1),(22.7. 15.7. 0.0),63472,20/12/2020 23:36:35,
(71.1. 4.0. 3.3),(22.6. 330.8. 0.0),63472,20/12/2020 23:36:35,
(70.9. 4.0. 5.3),(23.3. 16.8. 0.0),63472,20/12/2020 23:36:36,
(71.0. 4.0. 5.9),(24.6. 16.8. 0.0),63472,20/12/2020 23:36:36,
(71.0. 4.0. 5.9),(23.9. 328.8. 0.0),63472,20/12/2020 23:36:36,
(70.7. 4.0. 7.3),(25.2. 352.2. 0.0),63472,20/12/2020 23:36:36,
(70.6. 4.0. 8.1),(25.3. 308.6. 0.0),63472,20/12/2020 23:36:37,
(70.3. 4.0. 7.7),(24.5. 197.0. 0.0),63472,20/12/2020 23:36:37,
(70.3. 4.0. 7.7),(24.4. 180.2. 0.0),63472,20/12/2020 23:36:37,
(70.4. 4.0. 7.7),(24.4. 91.9. 0.0),63472,20/12/2020 23:36:38,
(71.9. 4.0. 7.6),(24.3. 91.9. 0.0),63472,20/12/2020 23:36:38,
(74.3. 5.9. 7.6),(24.3. 91.8. 0.0),63472,20/12/2020 23:36:38,
(76.7. 6.5. 7.5),(24.5. 91.7. 0.0),63472,20/12/2020 23:36:39,
(79.1. 5.3. 7.4),(25.0. 91.7. 0.0),63472,20/12/2020 23:36:39,
(79.6. 4.8. 7.4),(25.4. 91.3. 0.0),63472,20/12/2020 23:36:39,
(80.6. 6.4. 7.4),(25.4. 91.2. 0.0),63472,20/12/2020 23:36:39,
(81.4. 6.0. 7.4),(25.4. 91.2. 0.0),63472,20/12/2020 23:36:40,
(81.4. 6.0. 7.3),(25.4. 179.2. 0.0),63472,20/12/2020 23:36:40,
(81.8. 6.6. 7.3),(25.4. 91.2. 0.0),63472,20/12/2020 23:36:40,
(83.8. 8.4. 7.2),(26.0. 91.0. 0.0),63472,20/12/2020 23:36:41,
(86.2. 8.4. 7.2),(27.6. 90.6. 0.0),63472,20/12/2020 23:36:41,
(88.6. 6.6. 7.2),(33.7. 89.9. 0.0),63472,20/12/2020 23:36:41,
(90.6. 4.0. 7.2),(33.7. 89.9. 0.0),63472,20/12/2020 23:36:42,
(92.1. 4.0. 7.2),(32.6. 89.9. 0.0),63472,20/12/2020 23:36:42,
(92.1. 4.0. 7.2),(32.7. 89.9. 0.0),63472,20/12/2020 23:36:42,
(92.1. 4.0. 7.2),(27.7. 89.9. 0.0),63472,20/12/2020 23:36:42,
(92.1. 4.0. 7.2),(26.9. 89.9. 0.0),63472,20/12/2020 23:36:43,
(92.1. 4.0. 7.2),(27.7. 174.7. 0.0),63472,20/12/2020 23:36:43,
(90.8. 4.0. 7.0),(28.4. 265.3. 0.0),63472,20/12/2020 23:36:43,
(88.5. 5.7. 6.8),(29.2. 265.4. 0.0),63472,20/12/2020 23:36:44,
(86.1. 6.2. 6.6),(29.8. 265.4. 0.0),63472,20/12/2020 23:36:44,
(83.7. 4.7. 6.5),(29.9. 265.3. 0.0),63472,20/12/2020 23:36:44,
(82.8. 4.0. 6.3),(30.0. 262.7. 0.0),63472,20/12/2020 23:36:45,
(83.0. 4.9. 6.2),(29.8. 254.3. 0.0),63472,20/12/2020 23:36:45,
(81.8. 6.2. 5.9),(30.2. 253.5. 0.0),63472,20/12/2020 23:36:45,
(81.1. 6.0. 5.7),(30.3. 253.5. 0.0),63472,20/12/2020 23:36:45,
(80.8. 6.0. 5.6),(29.8. 258.2. 0.0),63472,20/12/2020 23:36:46,
(78.9. 7.9. 5.2),(29.7. 258.2. 0.0),63472,20/12/2020 23:36:46,
(76.5. 8.6. 4.7),(30.3. 257.9. 0.0),63472,20/12/2020 23:36:46,
(74.2. 7.5. 4.2),(32.9. 260.6. 0.0),63472,20/12/2020 23:36:47,
(71.8. 4.6. 4.0),(33.7. 266.1. 0.0),63472,20/12/2020 23:36:47,
(70.3. 4.0. 3.9),(26.1. 265.2. 0.0),63472,20/12/2020 23:36:47,
(67.8. 5.9. 3.3),(22.5. 252.5. 0.0),63472,20/12/2020 23:36:48,
(65.6. 6.0. 2.6),(22.3. 252.5. 0.0),63472,20/12/2020 23:36:48,
(63.3. 4.1. 1.8),(19.0. 242.1. 0.0),63472,20/12/2020 23:36:48,
(61.3. 0.5. 0.4),(8.8. 235.0. 0.0),63472,20/12/2020 23:36:48,
(60.0. 0.5. -0.5),(8.0. 235.0. 0.0),63472,20/12/2020 23:36:49,
(58.6. 0.5. -1.5),(10.0. 235.0. 0.0),63472,20/12/2020 23:36:49,
(57.1. 0.4. -2.7),(14.7. 223.3. 0.0),63472,20/12/2020 23:36:49,
(55.7. 0.4. -4.4),(15.9. 214.7. 0.0),63472,20/12/2020 23:36:50,
(54.8. 0.3. -6.5),(18.1. 190.1. 0.0),63472,20/12/2020 23:36:50,
(55.1. 0.0. -8.7),(19.9. 162.9. 0.0),63472,20/12/2020 23:36:50,
(55.8. 0.0. -10.8),(20.0. 160.5. 0.0),63472,20/12/2020 23:36:51,
(56.7. 0.0. -12.9),(20.4. 153.0. 0.0),63472,20/12/2020 23:36:51,
(58.8. 0.0. -13.7),(21.0. 100.0. 0.0),63472,20/12/2020 23:36:51,
(61.0. 0.0. -14.0),(21.1. 96.1. 0.0),63472,20/12/2020 23:36:51,
(63.2. 0.0. -14.2),(21.1. 94.6. 0.0),63472,20/12/2020 23:36:52,
(63.9. 0.0. -14.3),(17.5. 94.6. 0.0),63472,20/12/2020 23:36:52,
(63.9. 0.0. -14.3),(17.1. 94.6. 0.0),63472,20/12/2020 23:36:52,
(63.9. 0.0. -14.3),(18.1. 94.6. 0.0),63472,20/12/2020 23:36:53,
